11010530,사직동,1111053000
11010540,삼청동,1111054000
11010550,부암동,1111055000
11010560,평창동,1111056000
11010570,무악동,1111057000
11010580,교남동,1111058000
11010600,가회동,1111060000
11010610,종로1·2·3·4가동,1111061500
11010630,종로5·6가동,1111063000
11010640,이화동,1111064000
11010670,창신1동,1111067000
11010680,창신2동,1111068000
11010690,창신3동,1111069000
11010700,숭인1동,1111070000
11010710,숭인2동,1111071000
11010720,청운효자동,1111051500
11010730,혜화동,1111065000
11020520,소공동,1114052000
11020540,회현동,1114054000
11020550,명동,1114055000
11020570,필동,1114057000
11020580,장충동,1114058000
11020590,광희동,1114059000
11020600,을지로동,1114060500
11020650,신당5동,1114065000
11020670,황학동,1114067000
11020680,중림동,1114068000
11020690,신당동,1114061500
11020700,다산동,1114062500
11020710,약수동,1114063500
11020720,청구동,1114064500
11020730,동화동,1114066500
11030510,후암동,1117051000
11030520,용산2가동,1117052000
11030530,남영동,1117053000
11030570,원효로2동,1117057000
11030580,효창동,1117058000
11030590,용문동,1117059000
11030630,이촌1동,1117063000
11030640,이촌2동,1117064000
11030650,이태원1동,1117065000
11030660,이태원2동,1117066000
11030690,서빙고동,1117069000
11030700,보광동,1117070000
11030710,청파동,1117055500
11030720,원효로1동,1117056000
11030730,한강로동,1117062500
11030740,한남동,1117068500
11040520,왕십리2동,1120052000
11040540,마장동,1120054000
11040550,사근동,1120055000
11040560,행당1동,1120056000
11040570,행당2동,1120057000
11040580,응봉동,1120058000
11040590,금호1가동,1120059000
11040620,금호4가동,1120062000
11040650,성수1가1동,1120065000
11040660,성수1가2동,1120066000
11040670,성수2가1동,1120067000
11040680,성수2가3동,1120069000
11040690,송정동,1120072000
11040700,용답동,1120079000
11040710,왕십리도선동,1120053500
11040720,금호2·3가동,1120061500
11040730,옥수동,1120064500
11050530,화양동,1121571000
11050540,군자동,1121573000
11050550,중곡1동,1121574000
11050560,중곡2동,1121575000
11050570,중곡3동,1121576000
11050580,중곡4동,1121577000
11050590,능동,1121578000
11050600,구의1동,1121585000
11050610,구의2동,1121586000
11050620,구의3동,1121587000
11050630,광장동,1121581000
11050640,자양1동,1121582000
11050650,자양2동,1121583000
11050660,자양3동,1121584000
11050670,자양4동,1121584700
11060710,회기동,1123071000
11060720,휘경1동,1123072000
11060730,휘경2동,1123073000
11060800,청량리동,1123070500
11060810,용신동,1123053600
11060820,제기동,1123054500
11060830,전농1동,1123056000
11060840,전농2동,1123057000
11060860,답십리2동,1123061000
11060870,장안1동,1123065000
11060880,장안2동,1123066000
11060890,이문1동,1123074000
11060900,이문2동,1123075000
11060910,답십리1동,1123060000
11070520,면목2동,1126052000
11070540,면목4동,1126054000
11070550,면목5동,1126055000
11070570,면목7동,1126057000
11070590,상봉1동,1126058000
11070600,상봉2동,1126059000
11070610,중화1동,1126060000
11070620,중화2동,1126061000
11070640,묵1동,1126062000
11070650,묵2동,1126063000
11070680,망우3동,1126066000
11070690,신내1동,1126068000
11070700,신내2동,1126069000
11070710,면목본동,1126056500
11070720,면목3·8동,1126057500
11070730,망우본동,1126065500
11080580,돈암1동,1129058000
11080590,돈암2동,1129059000
11080600,안암동,1129060000
11080610,보문동,1129061000
11080620,정릉1동,1129062000
11080630,정릉2동,1129063000
11080640,정릉3동,1129064000
11080650,정릉4동,1129065000
11080660,길음1동,1129066000
11080680,길음2동,1129068500
11080710,월곡1동,1129071500
11080720,월곡2동,1129072500
11080760,장위1동,1129076000
11080770,장위2동,1129077000
11080780,장위3동,1129078000
11080810,성북동,1129052500
11080820,삼선동,1129055500
11080830,동선동,1129057500
11080840,종암동,1129070500
11080850,석관동,1129081000
11090600,번1동,1130559500
11090610,번2동,1130560300
11090620,번3동,1130560800
11090630,수유1동,1130561500
11090640,수유2동,1130562500
11090650,수유3동,1130563500
11090690,삼양동,1130553400
11090700,미아동,1130553500
11090710,송중동,1130554500
11090720,송천동,1130555500
11090730,삼각산동,1130557500
11090740,우이동,1130564500
11090750,인수동,1130566000
11100510,쌍문1동,1132066000
11100520,쌍문2동,1132067000
11100530,쌍문3동,1132068000
11100540,쌍문4동,1132068100
11100550,방학1동,1132069000
11100560,방학2동,1132070000
11100570,방학3동,1132071000
11100590,창1동,1132051100
11100600,창2동,1132051200
11100610,창3동,1132051300
11100620,창4동,1132051400
11100630,창5동,1132051500
11100640,도봉1동,1132052100
11100650,도봉2동,1132052200
11110510,월계1동,1135056000
11110520,월계2동,1135057000
11110530,월계3동,1135058000
11110560,공릉2동,1135060000
11110580,하계1동,1135061100
11110590,하계2동,1135061200
11110600,중계본동,1135061900
11110610,중계1동,1135062100
11110640,중계4동,1135062400
11110650,상계1동,1135063000
11110660,상계2동,1135064000
11110690,상계5동,1135067000
11110720,상계8동,1135070000
11110730,상계9동,1135071000
11110740,상계10동,1135072000
11110760,상계3·4동,1135066500
11110770,상계6·7동,1135069500
11110780,중계2·3동,1135062500
11110790,공릉1동,1135059500
11120510,녹번동,1138051000
11120520,불광1동,1138052000
11120550,갈현1동,1138055100
11120560,갈현2동,1138055200
11120570,구산동,1138056000
11120580,대조동,1138057000
11120590,응암1동,1138058000
11120600,응암2동,1138059000
11120650,신사1동,1138063100
11120660,신사2동,1138063200
11120670,증산동,1138064000
11120680,수색동,1138065000
11120710,진관동,1138069000
11120720,불광2동,1138053000
11120730,응암3동,1138060000
11120740,역촌동,1138062500
11130520,천연동,1141052000
11130620,홍제1동,1141062000
11130640,홍제3동,1141064000
11130650,홍제2동,1141065500
11130660,홍은1동,1141066000
11130680,홍은2동,1141068500
11130690,남가좌1동,1141069000
11130700,남가좌2동,1141070000
11130710,북가좌1동,1141071000
11130720,북가좌2동,1141072000
11130730,충현동,1141056500
11130740,북아현동,1141055500
11130750,신촌동,1141058500
11130760,연희동,1141061500
11140590,용강동,1144059000
11140600,대흥동,1144060000
11140610,염리동,1144061000
11140630,신수동,1144063000
11140660,서교동,1144066000
11140680,합정동,1144068000
11140690,망원1동,1144069000
11140700,망원2동,1144070000
11140710,연남동,1144071000
11140720,성산1동,1144072000
11140730,성산2동,1144073000
11140740,상암동,1144074000
11140750,도화동,1144058500
11140760,서강동,1144065500
11140770,공덕동,1144056500
11140780,아현동,1144055500
11150510,목1동,1147051000
11150520,목2동,1147052000
11150530,목3동,1147053000
11150540,목4동,1147054000
11150570,신월1동,1147056000
11150580,신월2동,1147057000
11150590,신월3동,1147058000
11150600,신월4동,1147059000
11150610,신월5동,1147060000
11150620,신월6동,1147061000
11150630,신월7동,1147061100
11150640,신정1동,1147062000
11150650,신정2동,1147063000
11150660,신정3동,1147064000
11150690,신정6동,1147067000
11150700,신정7동,1147068000
11150710,목5동,1147055000
11150720,신정4동,1147065000
11160510,염창동,1150051000
11160520,등촌1동,1150052000
11160530,등촌2동,1150053000
11160540,등촌3동,1150053500
11160550,화곡본동,1150059000
11160570,화곡2동,1150055000
11160580,화곡3동,1150056000
11160590,화곡4동,1150057000
11160610,화곡6동,1150059100
11160630,화곡8동,1150059300
11160640,가양1동,1150060300
11160650,가양2동,1150060400
11160660,가양3동,1150060500
11160670,발산1동,1150061100
11160690,공항동,1150062000
11160700,방화1동,1150063000
11160710,방화2동,1150064000
11160720,방화3동,1150064100
11160730,화곡1동,1150054000
11160740,우장산동,1150061500
11170510,신도림동,1153051000
11170520,구로1동,1153052000
11170540,구로3동,1153054000
11170550,구로4동,1153055000
11170560,구로5동,1153056000
11170610,고척1동,1153072000
11170620,고척2동,1153073000
11170640,개봉2동,1153075000
11170650,개봉3동,1153076000
11170670,오류1동,1153077000
11170690,수궁동,1153079000
11170700,가리봉동,1153059500
11170710,구로2동,1153053000
11170720,개봉1동,1153074000
11170730,오류2동,1153078000
11170740,항동,1153080000
11180510,가산동,1154551000
11180520,독산1동,1154561000
11180530,독산2동,1154562000
11180540,독산3동,1154563000
11180550,독산4동,1154564000
11180570,시흥1동,1154567000
11180580,시흥2동,1154568000
11180590,시흥3동,1154569000
11180600,시흥4동,1154570000
11180610,시흥5동,1154571000
11190540,여의동,1156054000
11190550,당산1동,1156055000
11190560,당산2동,1156056000
11190610,양평1동,1156061000
11190620,양평2동,1156062000
11190630,신길1동,1156063000
11190650,신길3동,1156065000
11190660,신길4동,1156066000
11190670,신길5동,1156067000
11190680,신길6동,1156068000
11190690,신길7동,1156069000
11190700,대림1동,1156070000
11190710,대림2동,1156071000
11190720,대림3동,1156072000
11190730,영등포본동,1156051500
11190740,영등포동,1156053500
11190750,도림동,1156058500
11190760,문래동,1156060500
11200520,노량진2동,1159052000
11200530,상도1동,1159053000
11200540,상도2동,1159054000
11200550,상도3동,1159055000
11200560,상도4동,1159056000
11200630,사당1동,1159062000
11200650,사당3동,1159064000
11200660,사당4동,1159065000
11200670,사당5동,1159065100
11200680,대방동,1159066000
11200690,신대방1동,1159067000
11200700,신대방2동,1159068000
11200710,흑석동,1159060500
11200720,노량진1동,1159051000
11200730,사당2동,1159063000
11210520,보라매동,1162052500
11210540,청림동,1162054500
11210570,행운동,1162057500
11210580,낙성대동,1162058500
11210610,중앙동,1162061500
11210620,인헌동,1162062500
11210630,남현동,1162063000
11210640,서원동,1162064500
11210650,신원동,1162065500
11210660,서림동,1162066500
11210680,신사동,1162068500
11210690,신림동,1162069500
11210710,난향동,1162071500
11210720,조원동,1162072500
11210730,대학동,1162073500
11210780,은천동,1162060500
11210790,성현동,1162056500
11210800,청룡동,1162059500
11210810,난곡동,1162077500
11210820,삼성동,1162074500
11210830,미성동,1162076500
11220510,서초1동,1165051000
11220520,서초2동,1165052000
11220530,서초3동,1165053000
11220540,서초4동,1165053100
11220550,잠원동,1165054000
11220560,반포본동,1165055000
11220570,반포1동,1165056000
11220580,반포2동,1165057000
11220590,반포3동,1165058000
11220600,반포4동,1165058100
11220610,방배본동,1165059000
11220620,방배1동,1165060000
11220630,방배2동,1165061000
11220640,방배3동,1165062000
11220650,방배4동,1165062100
11220660,양재1동,1165065100
11220670,양재2동,1165065200
11220680,내곡동,1165066000
11230510,신사동,1168051000
11230520,논현1동,1168052100
11230530,논현2동,1168053100
11230580,삼성1동,1168058000
11230590,삼성2동,1168059000
11230600,대치1동,1168060000
11230630,대치4동,1168063000
11230640,역삼1동,1168064000
11230650,역삼2동,1168065000
11230660,도곡1동,1168065500
11230670,도곡2동,1168065600
11230680,개포1동,1168066000
11230710,개포4동,1168069000
11230720,일원본동,1168072000
11230730,일원1동,1168073000
11230740,일원2동
11230750,수서동,1168075000
11230760,세곡동,1168070000
11230770,압구정동,1168054500
11230780,청담동,1168056500
11230790,대치2동,1168061000
11230800,개포2동,1168067000
11240510,풍납1동,1171051000
11240520,풍납2동,1171052000
11240530,거여1동,1171053100
11240540,거여2동,1171053200
11240550,마천1동,1171054000
11240560,마천2동,1171055000
11240570,방이1동,1171056100
11240580,방이2동,1171056200
11240590,오륜동,1171056600
11240600,오금동,1171057000
11240610,송파1동,1171058000
11240620,송파2동,1171059000
11240630,석촌동,1171060000
11240640,삼전동,1171061000
11240650,가락본동,1171062000
11240660,가락1동,1171063100
11240670,가락2동,1171063200
11240680,문정1동,1171064100
11240690,문정2동,1171064200
11240710,잠실본동,1171065000
11240750,잠실4동,1171069000
11240770,잠실6동,1171071000
11240780,잠실7동,1171072000
11240790,잠실2동,1171067000
11240800,잠실3동,1171068000
11240810,장지동,1171064600
11240820,위례동,1171064700
11250530,명일1동,1174053000
11250540,명일2동,1174054000
11250550,고덕1동,1174055000
11250560,고덕2동,1174056000
11250580,암사2동,1174058000
11250590,암사3동,1174059000
11250610,천호1동,1174060000
11250630,천호3동,1174062000
11250650,성내1동,1174064000
11250660,성내2동,1174065000
11250670,성내3동,1174066000
11250700,둔촌1동,1174069000
11250710,둔촌2동,1174070000
11250720,암사1동,1174057000
11250730,천호2동,1174061000
11250740,길동,1174068500
11250750,강일동,1174051500
11250760,상일1동,1174052500
11250770,상일2동,1174052600
21010510,중앙동,2611051000
21010520,동광동,2611052000
21010530,대청동,2611053000
21010540,보수동,2611054500
21010560,부평동,2611056000
21010570,광복동,2611057000
21010580,남포동,2611058000
21010590,영주1동,2611059000
21010600,영주2동,2611060000
21020510,동대신1동,2614051000
21020520,동대신2동,2614052000
21020530,동대신3동,2614053000
21020540,서대신1동,2614054000
21020560,서대신3동,2614056000
21020570,서대신4동,2614057000
21020590,부민동,2614059000
21020610,아미동,2614061500
21020630,초장동,2614063000
21020640,충무동,2614064000
21020650,남부민1동,2614065000
21020680,암남동,2614068000
21020690,남부민2동,2614066000
21030510,초량1동,2617051000
21030520,초량2동,2617052000
21030530,초량3동,2617053000
21030550,초량6동,2617055000
21030560,수정1동,2617056000
21030570,수정2동,2617057000
21030590,수정4동,2617059000
21030600,수정5동,2617060000
21030660,범일2동,2617066000
21030680,범일5동,2617068000
21030700,좌천동,2617064500
21030710,범일1동,2617065000
21040530,남항동,2620053000
21040540,영선1동,2620054000
21040550,영선2동,2620055000
21040590,봉래1동,2620059000
21040630,청학1동,2620063000
21040640,청학2동,2620064000
21040650,동삼1동,2620065000
21040660,동삼2동,2620066000
21040670,동삼3동,2620067000
21040680,신선동,2620058500
21040690,봉래2동,2620060500
21050520,부전2동,2623052000
21050540,연지동,2623054000
21050550,초읍동,2623055000
21050560,양정1동,2623056000
21050570,양정2동,2623057000
21050610,전포2동,2623061000
21050640,부암1동,2623064000
21050660,부암3동,2623066000
21050680,당감2동,2623068000
21050700,당감4동,2623070000
21050720,가야2동,2623072000
21050740,개금1동,2623074000
21050750,개금2동,2623075000
21050760,개금3동,2623076000
21050770,범천1동,2623077000
21050800,당감1동,2623067000
21050810,가야1동,2623071000
21050820,부전1동,2623051000
21050830,전포1동,2623060000
21050840,범천2동,2623078000
21060510,수민동,2626051000
21060520,복산동,2626052000
21060550,온천1동,2626055000
21060560,온천2동,2626056000
21060570,온천3동,2626057000
21060580,사직1동,2626058000
21060590,사직2동,2626059000
21060600,사직3동,2626060000
21060610,안락1동,2626074000
21060620,안락2동,2626075000
21060630,명장1동,2626076100
21060640,명장2동,2626076200
21060650,명륜동,2626054500
21070530,대연3동,2629053000
21070540,대연4동,2629054000
21070550,대연5동,2629055000
21070560,대연6동,2629056000
21070570,용호1동,2629057000
21070580,용호2동,2629058000
21070590,용호3동,2629059000
21070600,용호4동,2629060000
21070610,용당동,2629061000
21070620,감만1동,2629062000
21070630,감만2동,2629063000
21070660,문현1동,2629068000
21070670,문현2동,2629069000
21070680,문현3동,2629070000
21070690,문현4동,2629071000
21070700,대연1동,2629051000
21070710,우암동,2629064500
21080510,구포1동,2632051000
21080520,구포2동,2632052000
21080530,구포3동,2632052100
21080540,금곡동,2632053000
21080550,화명1동,2632054100
21080560,덕천1동,2632055000
21080570,덕천2동,2632056000
21080580,덕천3동,2632056100
21080590,만덕1동,2632057100
21080600,만덕2동,2632057200
21080610,만덕3동,2632057300
21080620,화명2동,2632054200
21080630,화명3동,2632054300
21090530,중1동,2635053000
21090540,중2동,2635054000
21090560,송정동,2635056000
21090580,반여2동,2635058000
21090590,반여3동,2635059000
21090620,반송2동,2635062000
21090640,재송1동,2635065000
21090650,재송2동,2635066000
21090660,좌1동,2635055100
21090670,좌2동,2635055200
21090680,좌3동,2635055300
21090690,좌4동,2635055400
21090700,반여1동,2635057000
21090710,반여4동,2635059500
21090720,반송1동,2635061000
21090730,우1동,2635051000
21090740,우2동,2635052000
21090750,우3동,2635052500
21100510,괴정1동,2638051000
21100520,괴정2동,2638052000
21100530,괴정3동,2638053000
21100540,괴정4동,2638054000
21100550,당리동,2638055000
21100560,하단1동,2638056100
21100570,하단2동,2638056200
21100580,신평1동,2638057100
21100590,신평2동,2638057200
21100600,장림1동,2638058000
21100610,장림2동,2638059000
21100620,다대1동,2638060100
21100630,다대2동,2638060200
21100640,구평동,2638061000
21100650,감천1동,2638062000
21100660,감천2동,2638063000
21110510,서1동,2641051000
21110520,서2동,2641052000
21110570,부곡1동,2641057000
21110580,부곡2동,2641058000
21110590,부곡3동,2641059000
21110600,부곡4동,2641059100
21110610,장전1동,2641060000
21110640,선두구동,2641063500
21110670,청룡노포동,2641066500
21110680,남산동,2641067000
21110690,구서1동,2641068000
21110700,구서2동,2641069000
21110710,금성동,2641070000
21110720,서3동,2641053000
21110730,금사회동동,2641055500
21110740,장전2동,2641061000
21120510,대저1동,2644051000
21120520,대저2동,2644052000
21120530,강동동,2644053000
21120550,가락동,2644055000
21120560,녹산동,2644056000
21120580,가덕도동,2644058000
21120590,명지1동,2644053500
21120600,명지2동,2644054500
21130510,거제1동,2647061000
21130520,거제2동,2647062000
21130530,거제3동,2647063000
21130540,거제4동,2647064000
21130550,연산1동,2647065000
21130560,연산2동,2647066000
21130570,연산3동,2647067000
21130580,연산4동,2647068000
21130590,연산5동,2647069000
21130600,연산6동,2647070000
21130620,연산8동,2647072000
21130630,연산9동,2647073000
21140510,남천1동,2650066000
21140520,남천2동,2650067000
21140530,수영동,2650073000
21140540,망미1동,2650074000
21140550,망미2동,2650075000
21140560,광안1동,2650076000
21140570,광안2동,2650077000
21140580,광안3동,2650078000
21140590,광안4동,2650079000
21140600,민락동,2650080000
21150510,삼락동,2653058000
21150520,모라1동,2653059100
21150540,모라3동,2653059300
21150550,덕포1동,2653060000
21150560,덕포2동,2653061000
21150570,괘법동,2653062000
21150600,주례1동,2653065000
21150610,주례2동,2653066000
21150620,주례3동,2653066100
21150630,학장동,2653067000
21150640,엄궁동,2653068000
21150650,감전동,2653064500
21510110,기장읍,2671025000
21510120,장안읍,2671025300
21510130,정관읍,2671025600
21510111,일광읍,2671025900
21510330,철마면,2671033000
22010540,삼덕동,2711054500
22010560,성내1동,2711056500
22010590,성내2동,2711057500
22010610,성내3동,2711058500
22010620,대신동,2711059500
22010640,남산1동,2711064000
22010650,남산2동,2711065000
22010660,남산3동,2711066000
22010670,남산4동,2711067000
22010680,대봉1동,2711068000
22010690,대봉2동,2711069000
22010700,동인동,2711051700
22020510,신암1동,2714051000
22020520,신암2동,2714052000
22020530,신암3동,2714053000
22020540,신암4동,2714054000
22020550,신암5동,2714054100
22020560,신천1·2동,2714055500
22020580,신천3동,2714057000
22020590,신천4동,2714058000
22020600,효목1동,2714059000
22020610,효목2동,2714060000
22020620,도평동,2714061500
22020630,불로·봉무동,2714062000
22020650,지저동,2714064000
22020660,동촌동,2714065500
22020680,방촌동,2714067000
22020690,해안동,2714068500
22020710,공산동,2714076000
22020730,안심1동,2714072000
22020740,안심2동,2714073000
22020760,안심3동,2714074200
22020770,안심4동,2714074700
22020780,혁신동,2714075500
22030510,내당1동,2717051000
22030520,내당2·3동,2717052500
22030530,내당4동,2717054000
22030540,비산1동,2717055000
22030550,비산2·3동,2717056500
22030560,비산4동,2717058000
22030570,비산5동,2717059000
22030580,비산6동,2717060000
22030590,비산7동,2717061000
22030600,평리1동,2717062000
22030610,평리2동,2717063000
22030620,평리3동,2717064000
22030630,평리4동,2717065000
22030640,평리5동,2717066000
22030650,평리6동,2717066100
22030660,상중이동,2717067500
22030680,원대동,2717069500
22040510,이천동,2720051500
22040530,봉덕1동,2720053000
22040540,봉덕2동,2720054000
22040550,봉덕3동,2720055000
22040560,대명1동,2720056000
22040570,대명2동,2720057100
22040580,대명3동,2720058600
22040590,대명4동,2720059000
22040600,대명5동,2720060000
22040610,대명6동,2720061000
22040640,대명9동,2720064000
22040650,대명10동,2720065000
22040660,대명11동,2720066000
22050510,고성동,2723051000
22050520,칠성동,2723052600
22050550,침산1동,2723055000
22050560,침산2동,2723056000
22050570,침산3동,2723057000
22050610,산격1동,2723061000
22050620,산격2동,2723062000
22050630,산격3동,2723063000
22050640,산격4동,2723063100
22050650,복현1동,2723067100
22050660,복현2동,2723067200
22050700,검단동,2723068000
22050710,무태조야동,2723069500
22050740,태전2동,2723073500
22050750,관문동,2723071500
22050760,읍내동,2723077000
22050770,관음동,2723075000
22050780,태전1동,2723072500
22050790,구암동,2723074500
22050810,노원동,2723079000
22050820,동천동,2723078000
22050830,국우동,2723080000
22050840,대현동,2723064500
22060510,범어1동,2726051000
22060520,범어2동,2726052000
22060530,범어3동,2726053000
22060540,범어4동,2726054000
22060550,만촌1동,2726055000
22060560,만촌2동,2726056000
22060570,만촌3동,2726056100
22060580,수성1가동,2726057000
22060590,수성2·3가동,2726058000
22060600,수성4가동,2726059000
22060610,황금1동,2726060100
22060620,황금2동,2726060200
22060630,중동,2726061000
22060640,상동,2726062000
22060650,파동,2726063000
22060660,두산동,2726064000
22060670,지산1동,2726065100
22060680,지산2동,2726065200
22060690,범물1동,2726066100
22060700,범물2동,2726066200
22060710,고산1동,2726067000
22060720,고산2동,2726068000
22060730,고산3동,2726069000
22070550,두류3동,2729055000
22070560,본리동,2729059000
22070570,감삼동,2729055500
22070580,죽전동,2729056300
22070590,장기동,2729056800
22070600,이곡1동,2729057600
22070610,신당동,2729058500
22070630,월성2동,2729060200
22070650,상인1동,2729062400
22070660,상인2동,2729062500
22070670,상인3동,2729062600
22070680,도원동,2729062800
22070690,송현1동,2729063000
22070700,송현2동,2729064000
22070710,본동,2729065000
22070720,용산1동,2729057100
22070730,용산2동,2729057200
22070740,이곡2동,2729057700
22070750,성당동,2729051500
22070760,두류1·2동,2729053500
22070770,월성1동,2729060100
22070780,진천동,2729061500
22070790,유천동,2729061700
22510110,화원읍,2771025000
22510120,논공읍,2771025300
22510130,다사읍,2771025600
22510140,유가읍,2771025900
22510150,옥포읍,2771026200
22510160,현풍읍,2771026500
22510310,가창면,2771031000
22510320,하빈면,2771033000
22510360,구지면,2771038000
23010520,연안동,2811052000
23010530,신포동,2811053000
23010540,신흥동,2811054000
23010560,도원동,2811056000
23010570,율목동,2811057000
23010580,동인천동,2811058500
23010630,용유동,2811063000
23010640,운서동,2811062800
23010650,영종동,2811062000
23010660,영종1동,2811062200
23010670,개항동,2811061500
23020510,만석동,2814051000
23020520,화수1·화평동,2814052500
23020530,화수2동,2814053000
23020550,송현1·2동,2814055500
23020570,송현3동,2814057000
23020580,송림1동,2814058000
23020590,송림2동,2814059000
23020600,송림3·5동,2814060500
23020610,송림4동,2814061000
23020630,송림6동,2814063000
23020640,금창동,2814064000
23040510,옥련1동,2818563000
23040520,선학동,2818575000
23040530,연수1동,2818576100
23040540,연수2동,2818576200
23040550,연수3동,2818576300
23040560,청학동,2818576600
23040570,동춘1동,2818578000
23040580,동춘2동,2818579000
23040590,동춘3동,2818579500
23040600,옥련2동,2818564000
23040640,송도1동,2818582000
23040650,송도3동,2818584000
23040660,송도2동,2818583000
23040680,송도4동,2818585000
23040690,송도5동,2818586000
23050510,구월1동,2820051000
23050520,구월2동,2820052000
23050530,구월3동,2820052100
23050540,구월4동,2820052200
23050550,간석1동,2820053000
23050560,간석2동,2820054000
23050570,간석3동,2820055000
23050580,간석4동,2820055100
23050590,만수1동,2820056000
23050600,만수2동,2820057000
23050610,만수3동,2820058000
23050620,만수4동,2820058100
23050630,만수5동,2820058200
23050640,만수6동,2820058300
23050670,남촌도림동,2820066000
23050720,논현1동,2820069000
23050730,논현2동,2820070000
23050740,논현고잔동,2820071000
23050750,장수서창동,2820065000
23050760,서창2동,2820065500
23060510,부평1동,2823751000
23060520,부평2동,2823752000
23060530,부평3동,2823753000
23060540,부평4동,2823754000
23060550,부평5동,2823755000
23060560,부평6동,2823756000
23060570,산곡1동,2823757000
23060580,산곡2동,2823758000
23060590,산곡3동,2823758100
23060600,산곡4동,2823758200
23060610,청천1동,2823759100
23060620,청천2동,2823759200
23060630,갈산1동,2823764100
23060640,갈산2동,2823764200
23060650,삼산1동,2823764600
23060660,부개1동,2823765000
23060670,부개2동,2823766000
23060680,부개3동,2823766100
23060690,일신동,2823767000
23060700,십정1동,2823768000
23060710,십정2동,2823769000
23060720,삼산2동,2823764800
23070510,효성1동,2824560100
23070520,효성2동,2824560200
23070530,계산1동,2824561100
23070540,계산2동,2824561200
23070550,계산3동,2824561300
23070560,작전1동,2824562100
23070570,작전2동,2824562200
23070580,작전서운동,2824564000
23070610,계양2동,2824572000
23070620,계산4동,2824561400
23070630,계양1동,2824571000
23070640,계양3동,2824573000
23080510,검암경서동,2826051500
23080530,연희동,2826053000
23080540,가정1동,2826054200
23080550,가정2동,2826054300
23080560,가정3동,2826054400
23080580,석남1동,2826055000
23080590,석남2동,2826056000
23080600,석남3동,2826056100
23080620,가좌1동,2826058000
23080630,가좌2동,2826059000
23080640,가좌3동,2826060000
23080650,가좌4동,2826061000
23080730,신현원창동,2826057500
23080740,청라1동,2826053600
23080780,청라2동,2826053700
23080790,청라3동,2826053900
23080800,검단동,2826068000
23080810,불로대곡동,2826069000
23080840,오류왕길동,2826072000
23080850,당하동,2826071000
23080860,마전동,2826073000
23080870,원당동,2826070000
23080880,아라동,2826074000
23090520,숭의2동,2817751000
23090540,숭의4동,2817753000
23090560,용현2동,2817755000
23090570,용현3동,2817756000
23090590,용현5동,2817757000
23090600,학익1동,2817758000
23090610,학익2동,2817759000
23090620,도화1동,2817760000
23090650,주안1동,2817762000
23090660,주안2동,2817763000
23090670,주안3동,2817764000
23090680,주안4동,2817765000
23090690,주안5동,2817766000
23090700,주안6동,2817767000
23090710,주안7동,2817768000
23090720,주안8동,2817769000
23090730,관교동,2817770000
23090740,문학동,2817771000
23090750,숭의1·3동,2817752000
23090760,용현1·4동,2817754000
23090770,도화2·3동,2817761000
23510110,강화읍,2871025000
23510310,선원면,2871031000
23510320,불은면,2871032000
23510330,길상면,2871033000
23510340,화도면,2871034000
23510350,양도면,2871035000
23510360,내가면,2871036000
23510370,하점면,2871037000
23510380,양사면,2871038000
23510390,송해면,2871039000
23510400,교동면,2871040000
23510410,삼산면,2871041000
23510420,서도면,2871042000
23520310,북도면,2872031000
23520320,연평면,2872038000
23520330,백령면,2872033000
23520340,대청면,2872034000
23520350,덕적면,2872035000
23520360,자월면,2872037000
23520370,영흥면,2872036000
24010510,충장동,2911052500
24010540,동명동,2911054500
24010560,계림1동,2911056000
24010580,계림2동,2911057000
24010590,산수1동,2911059000
24010610,산수2동,2911060000
24010620,지산1동,2911062000
24010630,지산2동,2911063000
24010640,서남동,2911065500
24010680,학동,2911068500
24010710,학운동,2911071000
24010720,지원1동,2911073000
24010730,지원2동,2911074000
24020510,양동,2914057500
24020530,양3동,2914059000
24020540,농성1동,2914065000
24020550,농성2동,2914066000
24020560,광천동,2914073000
24020570,유덕동,2914074000
24020580,상무1동,2914075100
24020590,상무2동,2914075200
24020600,화정1동,2914076000
24020610,화정2동,2914077000
24020620,화정3동,2914078000
24020630,화정4동,2914079000
24020640,서창동,2914080000
24020660,치평동,2914074500
24020670,풍암동,2914083000
24020680,금호1동,2914082100
24020690,금호2동,2914082400
24020700,동천동,2914084000
24030510,양림동,2915551000
24030520,방림1동,2915552000
24030530,방림2동,2915553000
24030540,사직동,2915554500
24030570,월산동,2915560500
24030600,월산4동,2915563000
24030610,월산5동,2915564000
24030620,백운1동,2915567000
24030630,백운2동,2915568000
24030640,주월1동,2915569000
24030650,주월2동,2915570000
24030670,송암동,2915572000
24030680,봉선1동,2915553700
24030690,봉선2동,2915553800
24030700,대촌동,2915573000
24030710,진월동,2915570500
24030720,효덕동,2915571000
24040510,중흥1동,2917051000
24040520,중흥2동,2917052000
24040530,중흥3동,2917053000
24040540,중앙동,2917055500
24040550,임동,2917057000
24040560,신안동,2917058000
24040570,용봉동,2917059000
24040580,운암1동,2917060100
24040590,운암2동,2917060200
24040600,운암3동,2917060300
24040610,동림동,2917061500
24040620,우산동,2917062000
24040630,풍향동,2917063500
24040640,문화동,2917065000
24040650,문흥1동,2917065600
24040660,문흥2동,2917065700
24040670,두암1동,2917066100
24040680,두암2동,2917066200
24040690,두암3동,2917066300
24040700,삼각동,2917066600
24040710,매곡동,2917067300
24040720,오치1동,2917067600
24040730,오치2동,2917067700
24040740,석곡동,2917068500
24040780,일곡동,2917066900
24040800,양산동,2917069600
24040810,건국동,2917069500
24040820,신용동,2917069700
24050510,송정1동,2920051500
24050520,송정2동,2920052500
24050540,도산동,2920054000
24050550,신흥동,2920055000
24050560,어룡동,2920056500
24050580,우산동,2920058000
24050590,월곡1동,2920060000
24050600,월곡2동,2920061000
24050610,비아동,2920062000
24050630,하남동,2920064000
24050640,임곡동,2920065000
24050650,동곡동,2920066000
24050660,평동,2920067000
24050670,삼도동,2920068000
24050680,본량동,2920069000
24050690,첨단1동,2920062400
24050700,첨단2동,2920062600
24050710,운남동,2920063500
24050730,신창동,2920070000
24050740,신가동,2920063000
24050750,수완동,2920063700
25010530,효동,3011053000
25010550,판암1동,3011055100
25010560,판암2동,3011055200
25010570,용운동,3011056000
25010600,자양동,3011059000
25010630,가양1동,3011062000
25010640,가양2동,3011063000
25010650,용전동,3011064000
25010680,홍도동,3011067000
25010730,대청동,3011072500
25010750,산내동,3011074000
25010760,중앙동,3011051500
25010770,신인동,3011054500
25010780,대동,3011058500
25010790,성남동,3011066500
25010800,삼성동,3011069500
25020510,은행선화동,3014053500
25020530,목동,3014055000
25020540,중촌동,3014056000
25020550,대흥동,3014057500
25020560,문창동,3014060500
25020570,석교동,3014062000
25020580,대사동,3014063000
25020590,부사동,3014064000
25020600,용두동,3014065500
25020620,오류동,3014067000
25020630,태평1동,3014068000
25020640,태평2동,3014069000
25020650,유천1동,3014070000
25020660,유천2동,3014071000
25020670,문화1동,3014072000
25020680,문화2동,3014073000
25020690,산성동,3014074000
25030510,복수동,3017051000
25030520,도마1동,3017052000
25030530,도마2동,3017053000
25030540,정림동,3017053500
25030550,변동,3017054000
25030560,용문동,3017055000
25030570,탄방동,3017055500
25030590,둔산1동,3017063000
25030600,둔산2동,3017064000
25030610,괴정동,3017056000
25030620,가장동,3017057000
25030630,내동,3017057500
25030640,갈마1동,3017058100
25030650,갈마2동,3017058200
25030660,월평1동,3017058600
25030670,월평2동,3017058700
25030680,월평3동,3017058800
25030690,만년동,3017065000
25030512,도안동,3017059300
25030710,기성동,3017060000
25030720,관저1동,3017059600
25030730,관저2동,3017059700
25030740,둔산3동,3017066000
25040540,온천2동,3020054000
25040550,신성동,3020055000
25040570,전민동,3020057000
25040590,노은1동,3020054600
25040610,구즉동,3020058000
25040630,관평동,3020060000
25040640,온천1동,3020053000
25040660,노은2동,3020054700
25040670,노은3동,3020054800
25040680,진잠동,3020052000
25040690,학하동,3020052600
25040700,상대동,3020052700
25040710,원신흥동,3020061000
25050510,오정동,3023051000
25050520,대화동,3023052000
25050530,회덕동,3023052500
25050540,비래동,3023053300
25050550,중리동,3023054600
25050560,법1동,3023060000
25050570,법2동,3023061000
25050580,신탄진동,3023055000
25050590,석봉동,3023056000
25050600,덕암동,3023057000
25050610,목상동,3023058000
25050620,송촌동,3023054300
26010510,학성동,3111051000
26010520,반구1동,3111052000
26010530,반구2동,3111053000
26010540,복산1동,3111054000
26010550,복산2동,3111055000
26010590,우정동,3111059000
26010600,태화동,3111060000
26010610,다운동,3111061000
26010620,병영1동,3111062000
26010630,병영2동,3111063000
26010640,약사동,3111064000
26010660,성안동,3111065000
26010670,중앙동,3111058500
26020510,신정1동,3114051000
26020520,신정2동,3114052000
26020530,신정3동,3114053000
26020540,신정4동,3114054000
26020550,신정5동,3114055000
26020560,달동,3114056000
26020570,삼산동,3114057000
26020580,삼호동,3114058500
26020590,무거동,3114059500
26020600,옥동,3114060000
26020610,야음장생포동,3114067000
26020620,대현동,3114062500
26020630,수암동,3114063500
26020640,선암동,3114064000
26030510,방어동,3117051000
26030520,일산동,3117052000
26030530,화정동,3117053000
26030540,대송동,3117054000
26030550,전하1동,3117055000
26030580,남목1동,3117058000
26030590,남목2동,3117059000
26030600,남목3동,3117060000
26030610,전하2동,3117056000
26040510,농소1동,3120051000
26040520,농소2동,3120052000
26040530,농소3동,3120053000
26040540,강동동,3120054000
26040560,효문동,3120056000
26040570,송정동,3120057000
26040580,양정동,3120058000
26040590,염포동,3120059000
26510110,온산읍,3171025000
26510120,언양읍,3171025300
26510130,온양읍,3171025600
26510140,범서읍,3171025900
26510150,청량읍,3171026200
26510160,삼남읍,3171026500
26510310,서생면,3171031000
26510340,웅촌면,3171034000
26510360,두동면,3171036000
26510370,두서면,3171037000
26510380,상북면,3171038000
26510400,삼동면,3171040000
29010110,조치원읍,3611025000
29010310,연기면
29010320,연동면
29010330,부강면,3611033000
29010340,금남면,3611034000
29010350,장군면,3611035000
29010360,연서면,3611036000
29010370,전의면,3611037000
29010380,전동면,3611038000
29010390,소정면,3611039000
29010560,종촌동,3611054000
29010590,아름동,3611053000
29010600,고운동,3611055000
29010610,한솔동,3611051000
29010640,대평동,3611057000
29010660,보람동,3611056000
29010670,새롬동
29010680,다정동,3611058000
29010690,도담동,3611052000
29010700,해밀동
29010710,소담동,3611055500
29010720,반곡동
31011540,파장동,4111156000
31011550,율천동,4111156600
31011560,정자1동,4111157100
31011570,정자2동,4111157200
31011580,영화동,4111158000
31011590,송죽동,4111159100
31011600,조원1동,4111159700
31011610,연무동,4111160000
31011620,정자3동,4111157300
31011630,조원2동,4111159800
31012520,세류1동,4111352000
31012530,세류2동,4111353000
31012540,세류3동,4111354000
31012550,평동,4111355000
31012560,서둔동,4111356000
31012570,구운동,4111365000
31012600,권선1동,4111367000
31012610,곡선동,4111369000
31012620,입북동,4111370000
31012640,권선2동,4111368000
31012650,금곡동,4111366200
31012660,호매실동,4111366400
31013530,지동,4111570000
31013540,우만1동,4111571000
31013550,우만2동,4111572000
31013560,인계동,4111573000
31013670,매교동,4111565000
31013680,매산동,4111566000
31013690,고등동,4111567000
31013700,화서1동,4111568000
31013710,화서2동,4111569000
31013720,행궁동,4111574000
31014510,매탄1동,4111751000
31014520,매탄2동,4111752000
31014530,매탄3동,4111753000
31014540,매탄4동,4111754000
31014600,원천동,4111755000
31014620,광교1동,4111760000
31014630,광교2동,4111761000
31014640,영통1동,4111757000
31014650,영통2동,4111758000
31014660,영통3동,4111758500
31014670,망포1동,4111759300
31014680,망포2동,4111759600
31021510,신흥1동,4113151000
31021520,신흥2동,4113152000
31021530,신흥3동,4113153000
31021540,태평1동,4113154000
31021550,태평2동,4113155000
31021560,태평3동,4113156000
31021570,태평4동,4113156100
31021580,수진1동,4113157000
31021590,수진2동,4113158000
31021600,단대동,4113159000
31021610,산성동,4113160000
31021620,양지동,4113161000
31021640,신촌동,4113163000
31021650,고등동,4113164000
31021660,시흥동,4113165000
31021670,복정동,4113162000
31021680,위례동,4113162500
31022510,성남동,4113351000
31022530,금광1동,4113353000
31022540,금광2동,4113354000
31022550,은행1동,4113355000
31022560,은행2동,4113356000
31022570,상대원1동,4113357000
31022580,상대원2동,4113358000
31022590,상대원3동,4113359000
31022600,하대원동,4113366000
31022610,도촌동,4113367000
31022620,중앙동,4113352500
31023510,분당동,4113551000
31023520,수내3동,4113554000
31023530,수내1동,4113552000
31023540,수내2동,4113553000
31023550,정자2동,4113556000
31023560,정자3동,4113557000
31023580,서현1동,4113558000
31023590,서현2동,4113559000
31023600,이매1동,4113560000
31023610,이매2동,4113561000
31023620,야탑1동,4113562000
31023630,야탑3동,4113564000
31023640,야탑2동,4113563000
31023670,구미동,4113567000
31023680,운중동,4113568000
31023710,금곡동,4113566200
31023720,구미1동,4113566500
31023740,삼평동,4113565500
31023750,판교동,4113565000
31023760,백현동,4113565700
31023770,정자1동,4113555000
31023780,정자동,4113554500
31030520,의정부2동,4115052000
31030550,호원1동,4115054500
31030560,장암동,4115056100
31030570,신곡1동,4115056700
31030580,신곡2동,4115056800
31030590,송산1동,4115057300
31030600,자금동,4115058000
31030640,녹양동,4115062000
31030650,호원2동,4115055500
31030670,흥선동,4115061500
31030680,가능동,4115059500
31030690,의정부1동,4115051000
31030700,송산2동,4115057600
31030710,송산3동,4115057800
31041510,안양1동,4117151000
31041520,안양2동,4117152000
31041530,안양3동,4117153000
31041540,안양4동,4117154000
31041550,안양5동,4117155000
31041560,안양6동,4117156000
31041570,안양7동,4117157000
31041580,안양8동,4117158000
31041590,안양9동,4117158100
31041600,석수1동,4117159000
31041610,석수2동,4117160000
31041620,석수3동,4117161000
31041630,박달1동,4117162100
31041640,박달2동,4117163000
31042510,비산1동,4117351000
31042520,비산2동,4117352000
31042530,비산3동,4117353000
31042540,부흥동,4117354000
31042550,달안동,4117354600
31042560,관양1동,4117355000
31042570,관양2동,4117356000
31042580,부림동,4117356600
31042590,평촌동,4117357000
31042600,평안동,4117357600
31042610,귀인동,4117357800
31042620,호계1동,4117358000
31042630,호계2동,4117359000
31042640,호계3동,4117360000
31042650,범계동,4117361000
31042660,신촌동,4117362000
31042670,갈산동,4117363000
31050870,심곡동,4119060300
31050880,부천동,4119060600
31050890,중동,4119061000
31050900,신중동,4119074200
31050910,상동,4119074400
31050920,대산동,4119074600
31050930,소사본동,4119075000
31050940,범안동,4119079500
31050950,성곡동,4119080000
31050960,오정동,4119083000
31060510,광명1동,4121051000
31060520,광명2동,4121052000
31060530,광명3동,4121054000
31060540,광명4동,4121055000
31060550,광명5동,4121056000
31060560,광명6동,4121057000
31060570,광명7동,4121058000
31060580,철산1동,4121059000
31060590,철산2동,4121060000
31060600,철산3동,4121061000
31060610,철산4동,4121062000
31060620,하안1동,4121063100
31060630,하안2동,4121063200
31060640,하안3동,4121063300
31060650,하안4동,4121063400
31060660,소하1동,4121064000
31060680,학온동,4121066000
31060690,소하2동,4121065000
31060700,일직동,4121065500
31070110,팽성읍,4122025000
31070120,안중읍,4122025300
31070130,포승읍,4122025600
31070140,청북읍,4122025900
31070310,진위면,4122031000
31070320,서탄면,4122032000
31070330,고덕면,4122033000
31070340,오성면,4122034000
31070370,현덕면,4122037000
31070510,중앙동,4122051000
31070520,서정동,4122052000
31070530,송탄동,4122053500
31070550,지산동,4122055000
31070560,송북동,4122056000
31070570,신장1동,4122057000
31070580,신장2동,4122058000
31070590,신평동,4122059000
31070600,원평동,4122060000
31070610,통복동,4122061000
31070640,세교동,4122064000
31070650,비전2동,4122063000
31070660,용이동,4122063500
31070670,비전1동,4122062000
31070680,동삭동,4122065000
31070690,고덕동,4122066000
31080510,생연1동,4125051000
31080520,생연2동,4125052000
31080530,중앙동,4125053500
31080550,보산동,4125055000
31080560,불현동,4125056500
31080580,소요동,4125058000
31080600,상패동,4125060000
31080610,송내동,4125056600
31091510,일동,4127151000
31091540,본오1동,4127154000
31091550,본오2동,4127155000
31091560,본오3동,4127156000
31091570,부곡동,4127157000
31091580,월피동,4127158000
31091620,성포동,4127159000
31091710,반월동,4127160000
31091730,안산동,4127161000
31091740,이동,4127151500
31091760,사동,4127152500
31091770,사이동,4127153200
31091780,해양동,4127153700
31092590,와동,4127351000
31092660,초지동,4127357000
31092680,선부1동,4127358000
31092690,선부2동,4127359000
31092700,선부3동,4127360000
31092720,대부동,4127361000
31092730,호수동,4127353500
31092740,고잔동,4127352500
31092750,중앙동,4127353200
31092760,원곡동,4127354500
31092770,신길동,4127356500
31092780,백운동,4127355500
31101510,주교동,4128151000
31101520,원신동,4128152000
31101511,흥도동,4128153000
31101540,성사1동,4128154000
31101550,성사2동,4128155000
31101560,효자동,4128156000
31101580,창릉동,4128158000
31101590,고양동,4128159000
31101600,관산동,4128160000
31101610,능곡동,4128161000
31101620,화정1동,4128162100
31101630,화정2동,4128162200
31101640,행주동,4128163000
31101650,행신1동,4128164000
31101660,행신2동,4128165000
31101670,화전동,4128166000
31101680,대덕동,4128167000
31101515,행신4동,4128165600
31101512,삼송1동,4128157600
31103510,식사동,4128551000
31103512,중산2동,4128552600
31103530,정발산동,4128553000
31103540,풍산동,4128554000
31103550,백석1동,4128555100
31103560,마두1동,4128556000
31103570,마두2동,4128557000
31103580,장항1동,4128558000
31103590,장항2동,4128559000
31103600,고봉동,4128560000
31103610,백석2동,4128555200
31104510,일산1동,4128751000
31104520,일산2동,4128752000
31104530,일산3동,4128753000
31104512,탄현2동,4128754600
31104550,주엽1동,4128755000
31104560,주엽2동,4128756000
31104570,대화동,4128757000
31104580,송포동,4128758000
31104514,가좌동,4128761000
31110510,중앙동,4129051000
31110520,갈현동,4129052000
31110530,별양동,4129053000
31110540,부림동,4129054000
31110550,과천동,4129055000
31110560,문원동,4129056000
31120510,갈매동,4131051000
31120520,동구동,4131052000
31120530,인창동,4131053000
31120540,교문1동,4131054100
31120550,교문2동,4131054200
31120560,수택1동,4131057000
31120570,수택2동,4131058000
31120580,수택3동,4131059000
31130110,와부읍,4136025000
31130120,진접읍,4136025300
31130111,화도읍,4136025600
31130140,진건읍,4136025900
31130150,오남읍,4136026200
31130160,퇴계원읍,4136026500
31130310,별내면,4136031000
31130340,수동면,4136034000
31130350,조안면,4136036000
31130510,호평동,4136051000
31130520,평내동,4136052000
31130530,금곡동,4136053000
31130540,양정동,4136054000
31130570,별내동,4136057000
31130580,다산1동,4136054500
31130590,다산2동,4136056500
31140510,중앙동,4137051000
31140520,대원동,4137057000
31140530,남촌동,4137053000
31140540,신장동,4137054000
31140550,세마동,4137055000
31140560,초평동,4137056000
31150510,대야동,4139051000
31150520,신천동,4139052000
31150530,신현동,4139053100
31150540,은행동,4139054000
31150550,매화동,4139055000
31150560,목감동,4139057000
31150590,과림동,4139062100
31150610,정왕2동,4139059200
31150620,정왕3동,4139059300
31150640,정왕본동,4139058900
31150650,정왕1동,4139059100
31150670,능곡동,4139064000
31150680,군자동,4139058100
31150690,월곶동,4139058200
31150700,연성동,4139063000
31150710,장곡동,4139063100
31150720,정왕4동,4139059400
31150740,배곧1동,4139059600
31150750,배곧2동,4139059700
31160510,군포1동,4141051000
31160520,군포2동,4141052000
31160540,산본1동,4141054000
31160550,산본2동,4141055000
31160560,금정동,4141056000
31160570,재궁동,4141057000
31160580,오금동,4141058000
31160590,수리동,4141059000
31160600,궁내동,4141060000
31160610,광정동,4141062000
31160630,대야동,4141061000
31160640,송부동,4141063000
31170510,고천동,4143051000
31170520,부곡동,4143052000
31170530,오전동,4143053000
31170540,내손1동,4143054000
31170550,내손2동,4143055000
31170560,청계동,4143056000
31180510,천현동,4145051000
31180520,신장1동,4145052000
31180530,신장2동,4145053000
31180540,덕풍1동,4145054000
31180550,덕풍2동,4145055000
31180560,덕풍3동,4145056000
31180590,춘궁동,4145059000
31180600,초이동,4145060000
31180610,풍산동,4145057000
31180620,미사1동,4145061000
31180630,미사2동,4145062000
31180650,위례동,4145058500
31180660,감북동,4145058000
31180670,감일동,4145058200
31191110,포곡읍,4146125000
31191120,모현읍,4146125300
31191130,이동읍,4146125600
31191140,남사읍,4146125900
31191340,원삼면,4146134000
31191350,백암면,4146135000
31191360,양지면,4146136000
31191510,중앙동,4146151000
31191530,유림동,4146153000
31191540,동부동,4146154000
31191550,역북동,4146152500
31191560,삼가동,4146152600
31192520,구갈동,4146352000
31192540,기흥동,4146354000
31192550,서농동,4146355000
31192560,구성동,4146356000
31192570,마북동,4146357000
31192590,보정동,4146359000
31192600,상하동,4146358600
31192610,신갈동,4146351000
31192630,영덕1동,4146351600
31192640,영덕2동,4146351700
31192650,상갈동,4146353000
31192660,보라동,4146353500
31192670,동백1동,4146357200
31192680,동백2동,4146357500
31192690,동백3동,4146357700
31193510,풍덕천1동,4146551000
31193520,풍덕천2동,4146552000
31193530,신봉동,4146553000
31193550,죽전2동,4146555000
31193560,동천동,4146556000
31193580,상현2동,4146558000
31193590,성복동,4146559000
31193600,죽전1동,4146554000
31193610,죽전3동,4146555500
31193620,상현1동,4146557000
31193630,상현3동,4146558500
31200110,문산읍,4148025000
31200120,파주읍,4148025300
31200130,법원읍,4148025600
31200150,조리읍,4148026200
31200310,월롱면,4148031000
31200320,탄현면,4148032000
31200350,광탄면,4148035000
31200360,파평면,4148036000
31200370,적성면,4148037000
31200390,장단면,4148039000
31200520,금촌2동,4148052000
31200530,금촌1동,4148051000
31200540,금촌3동,4148053000
31200550,교하동,4148054000
31200560,운정1동,4148055000
31200570,운정2동,4148056000
31200580,운정3동,4148057000
31210110,장호원읍,4150025000
31210120,부발읍,4150025300
31210310,신둔면,4150031000
31210320,백사면,4150032000
31210330,호법면,4150033000
31210340,마장면,4150034000
31210350,대월면,4150035000
31210360,모가면,4150036000
31210370,설성면,4150037000
31210380,율면,4150038000
31210510,창전동,4150051000
31210520,중리동,4150052000
31210530,관고동,4150053000
31210540,증포동,4150051500
31220110,공도읍,4155025000
31220310,보개면,4155031000
31220320,금광면,4155032000
31220330,서운면,4155033000
31220340,미양면,4155034000
31220350,대덕면,4155035000
31220360,양성면,4155036000
31220380,원곡면,4155038000
31220390,일죽면,4155039000
31220400,죽산면,4155040000
31220410,삼죽면,4155041000
31220420,고삼면,4155042000
31220510,안성1동,4155051000
31220520,안성2동,4155052000
31220530,안성3동,4155053000
31230110,통진읍,4157025000
31230120,고촌읍,4157025300
31230130,양촌읍,4157025600
31230340,대곶면,4157034000
31230350,월곶면,4157035000
31230360,하성면,4157036000
31230530,사우동,4157054000
31230540,풍무동,4157055000
31230560,장기동,4157056000
31230600,운양동,4157058000
31230610,김포본동,4157051500
31230620,장기본동,4157052500
31230630,구래동,4157057000
31230640,마산동,4157057500
31240120,봉담읍,4159025300
31240130,우정읍,4159025600
31240140,향남읍,4159025900
31240150,남양읍,4159026200
31240310,매송면,4159031000
31240330,비봉면,4159032000
31240350,마도면,4159033000
31240360,송산면,4159034000
31240370,서신면,4159035000
31240380,팔탄면,4159036000
31240390,장안면,4159037000
31240420,양감면,4159040000
31240430,정남면,4159041000
31240520,진안동,4159052000
31240530,병점1동,4159053000
31240540,병점2동,4159054000
31240550,반월동,4159055000
31240560,기배동,4159056000
31240570,화산동,4159057000
31240600,동탄2동,4159058600
31240610,동탄1동,4159058500
31240620,동탄3동,4159058700
31240640,동탄4동,4159058800
31240650,동탄5동,4159059000
31240670,새솔동,4159051500
31240690,동탄7동,4159061000
31240700,동탄6동,4159060000
31240710,동탄8동,4159062000
31250110,오포읍
31250120,초월읍,4161025300
31250140,곤지암읍,4161025900
31250340,도척면,4161033000
31250350,퇴촌면,4161034000
31250360,남종면,4161035000
31250380,남한산성면,4161037000
31250540,경안동,4161051000
31250550,송정동,4161052000
31250560,쌍령동,4161054000
31250570,탄벌동,4161055000
31250580,광남1동,4161056000
31250590,광남2동,4161057000
31260110,백석읍,4163025000
31260310,은현면,4163031000
31260320,남면,4163032000
31260330,광적면,4163033000
31260340,장흥면,4163034000
31260510,양주1동,4163051000
31260520,양주2동,4163052000
31260530,회천1동,4163053000
31260540,회천2동,4163054000
31260550,회천3동,4163055000
31260560,회천4동,4163056000
31270110,소흘읍,4165025000
31270310,군내면,4165031000
31270320,내촌면,4165032000
31270330,가산면,4165033000
31270340,신북면,4165034000
31270350,창수면,4165035000
31270360,영중면,4165036000
31270370,일동면,4165037000
31270380,이동면,4165038000
31270390,영북면,4165039000
31270400,관인면,4165040000
31270410,화현면,4165041000
31270510,포천동,4165051000
31270520,선단동,4165052000
31280110,가남읍,4167025000
31280310,점동면,4167031000
31280330,흥천면,4167032000
31280340,금사면,4167033000
31280350,산북면,4167038000
31280360,대신면,4167035000
31280370,북내면,4167036000
31280380,강천면,4167037000
31280390,세종대왕면,4167034500
31280510,여흥동,4167051000
31280520,중앙동,4167052000
31280530,오학동,4167053000
31550110,연천읍,4180025000
31550120,전곡읍,4180025300
31550310,군남면,4180031000
31550320,청산면,4180032000
31550330,백학면,4180033000
31550340,미산면,4180034000
31550350,왕징면,4180035000
31550360,신서면,4180036000
31550370,중면,4180037000
31550380,장남면,4180038000
31570110,가평읍,4182025000
31570310,설악면,4182031000
31570320,청평면,4182032500
31570330,상면,4182033000
31570350,북면,4182035000
31570360,조종면,4182034500
31580110,양평읍,4183025000
31580310,강상면,4183031000
31580320,강하면,4183032000
31580330,양서면,4183033000
31580340,옥천면,4183034000
31580350,서종면,4183035000
31580360,단월면,4183036000
31580370,청운면,4183037000
31580380,양동면,4183038000
31580390,지평면,4183039500
31580400,용문면,4183040000
31580410,개군면,4183041000
32010110,신북읍,4211025000
32010310,동면,4211031000
32010320,동산면,4211032000
32010330,신동면,4211033000
32010340,동내면,4211039000
32010350,남면,4211034000
32010360,남산면,4211040000
32010370,서면,4211035000
32010380,사북면,4211036000
32010390,북산면,4211038000
32010520,교동,4211052000
32010530,조운동,4211053000
32010540,약사명동,4211054500
32010570,근화동,4211057000
32010580,소양동,4211058000
32010600,후평1동,4211060000
32010610,후평2동,4211061000
32010620,후평3동,4211061100
32010630,효자1동,4211062000
32010640,효자2동,4211063000
32010650,효자3동,4211064000
32010660,석사동,4211065000
32010670,퇴계동,4211066000
32010680,강남동,4211067500
32010710,신사우동,4211070500
32020110,문막읍,4213025000
32020310,소초면,4213031000
32020320,호저면,4213032000
32020330,지정면,4213033000
32020340,부론면,4213035000
32020350,귀래면,4213036000
32020360,흥업면,4213037000
32020370,판부면,4213038000
32020380,신림면,4213039000
32020510,중앙동,4213051500
32020520,원인동,4213052000
32020530,개운동,4213053000
32020540,명륜1동,4213054100
32020550,명륜2동,4213054200
32020560,단구동,4213055000
32020570,일산동,4213056000
32020580,학성동,4213057500
32020600,단계동,4213059000
32020610,우산동,4213060000
32020620,태장1동,4213061000
32020630,태장2동,4213062000
32020640,봉산동,4213063500
32020660,행구동,4213065000
32020670,무실동,4213066000
32020680,반곡관설동,4213067500
32030110,주문진읍,4215025000
32030310,성산면,4215031000
32030320,왕산면,4215032000
32030330,구정면,4215033000
32030340,강동면,4215034000
32030350,옥계면,4215035000
32030360,사천면,4215036000
32030370,연곡면,4215037000
32030510,홍제동,4215051000
32030520,중앙동,4215052000
32030540,옥천동,4215054000
32030550,교1동,4215055000
32030560,교2동,4215056000
32030570,포남1동,4215057100
32030580,포남2동,4215057200
32030590,초당동,4215058000
32030600,송정동,4215059000
32030610,내곡동,4215060000
32030620,강남동,4215061500
32030650,성덕동,4215064500
32030670,경포동,4215066500
32040510,천곡동,4217051000
32040520,송정동,4217052000
32040530,북삼동,4217053000
32040540,부곡동,4217054000
32040550,동호동,4217055000
32040570,발한동,4217057000
32040590,묵호동,4217059000
32040600,북평동,4217060000
32040630,망상동,4217063000
32040650,삼화동,4217065000
32050510,황지동,4219051500
32050520,황연동,4219052500
32050530,삼수동,4219053500
32050540,상장동,4219054000
32050550,구문소동,4219060500
32050560,장성동,4219059500
32050580,철암동,4219061500
32050620,문곡소도동,4219058500
32060510,영랑동,4221051000
32060520,동명동,4221052000
32060540,금호동,4221054000
32060560,교동,4221056000
32060570,노학동,4221057000
32060580,조양동,4221058000
32060590,청호동,4221059000
32060600,대포동,4221060000
32070110,도계읍,4223025000
32070120,원덕읍,4223025300
32070310,근덕면,4223031000
32070320,하장면,4223032000
32070330,노곡면,4223033000
32070340,미로면,4223034000
32070350,가곡면,4223035000
32070360,신기면,4223036000
32070510,남양동,4223051000
32070520,성내동,4223057000
32070530,교동,4223053000
32070540,정라동,4223054000
32510110,홍천읍,4272025000
32510310,화촌면,4272031000
32510320,두촌면,4272032000
32510330,내촌면,4272033000
32510340,서석면,4272034000
32510360,남면,4272036000
32510370,서면,4272037000
32510380,북방면,4272038000
32510390,내면,4272039000
32510400,영귀미면,4272035200
32520110,횡성읍,4273025000
32520310,우천면,4273031000
32520320,안흥면,4273032000
32520330,둔내면,4273033000
32520340,갑천면,4273034000
32520350,청일면,4273035000
32520360,공근면,4273036000
32520370,서원면,4273037000
32520380,강림면,4273038000
32530110,영월읍,4275025000
32530120,상동읍,4275025300
32530330,북면,4275033000
32530340,남면,4275034000
32530360,주천면,4275036000
32530380,김삿갓면,4275032500
32530390,한반도면,4275035500
32530400,무릉도원면,4275038000
32530410,산솔면,4275031200
32540110,평창읍,4276025000
32540310,미탄면,4276031000
32540320,방림면,4276032000
32540330,대화면,4276033000
32540340,봉평면,4276034000
32540350,용평면,4276035000
32540360,진부면,4276036000
32540370,대관령면,4276038000
32550110,정선읍,4277025000
32550120,고한읍,4277025300
32550130,사북읍,4277025600
32550140,신동읍,4277025900
32550320,남면,4277032000
32550340,북평면,4277034000
32550350,임계면,4277035000
32550360,화암면,4277036000
32550370,여량면,4277037000
32560110,철원읍,4278025000
32560120,김화읍,4278025300
32560130,갈말읍,4278025600
32560140,동송읍,4278025900
32560210,근북면,4278033000
32560260,근동면,4278034000
32560270,원동면,4278035000
32560280,원남면,4278036000
32560290,임남면,4278037000
32560310,서면,4278031000
32560320,근남면,4278032000
32570110,화천읍,4279025000
32570310,간동면,4279031000
32570320,하남면,4279032000
32570330,상서면,4279033000
32570340,사내면,4279034000
32580110,양구읍,4280025000
32580320,동면,4280032000
32580330,방산면,4280033000
32580340,해안면,4280034000
32580350,국토정중앙면,4280031500
32590110,인제읍,4281025000
32590310,남면,4281031000
32590320,북면,4281032000
32590330,기린면,4281033000
32590340,서화면,4281034000
32590350,상남면,4281035000
32600110,간성읍,4282025000
32600120,거진읍,4282025300
32600260,수동면,4282034000
32600310,현내면,4282031000
32600320,죽왕면,4282032000
32600330,토성면,4282033000
32610110,양양읍,4283025000
32610310,서면,4283031000
32610320,손양면,4283032000
32610330,현북면,4283033000
32610340,현남면,4283034000
32610350,강현면,4283035000
33020110,주덕읍,4313025000
33020310,살미면,4313031000
33020320,수안보면,4313032500
33020340,신니면,4313035000
33020350,노은면,4313036000
33020360,앙성면,4313037000
33020380,금가면,4313039000
33020390,동량면,4313040000
33020400,산척면,4313041000
33020410,엄정면,4313042000
33020420,소태면,4313043000
33020430,대소원면,4313033500
33020440,중앙탑면,4313038500
33020510,성내·충인동,4313051500
33020530,교현·안림동,4313053500
33020540,교현2동,4313054000
33020550,용산동,4313055000
33020560,지현동,4313056000
33020570,문화동,4313057100
33020580,호암·직동,4313058000
33020600,달천동,4313060500
33020610,봉방동,4313061000
33020620,칠금·금릉동,4313062500
33020630,연수동,4313063000
33020640,목행·용탄동,4313064000
33030110,봉양읍,4315025000
33030310,금성면,4315031000
33030320,청풍면,4315032000
33030330,수산면,4315033000
33030340,덕산면,4315034000
33030350,한수면,4315035000
33030360,백운면,4315036000
33030370,송학면,4315038000
33030510,교동,4315051000
33030560,용두동,4315056000
33030590,청전동,4315059000
33030600,화산동,4315060500
33030700,남현동,4315053700
33030710,영서동,4315054700
33030720,신백동,4315057700
33030730,의림지동,4315051800
33030740,중앙동,4315052800
33041310,낭성면,4311131000
33041320,미원면,4311132000
33041330,가덕면,4311133000
33041340,남일면,4311134000
33041350,문의면,4311135000
33041510,중앙동,4311152500
33041520,성안동,4311154500
33041530,탑·대성동,4311162000
33041540,영운동,4311167000
33041550,금천동,4311168000
33041560,용담·명암·산성동,4311169000
33041570,용암1동,4311172000
33041580,용암2동,4311173000
33042310,남이면,4311231000
33042320,현도면,4311232000
33042510,사직1동,4311251000
33042520,사직2동,4311252000
33042530,사창동,4311253000
33042540,모충동,4311254000
33042550,산남동,4311255000
33042560,분평동,4311256000
33042570,수곡1동,4311257000
33042580,수곡2동,4311258000
33042590,성화·개신·죽림동,4311259000
33043110,오송읍,4311325000
33043310,강내면,4311331000
33043320,옥산면,4311332000
33043510,운천·신봉동,4311370000
33043520,복대1동,4311374100
33043530,복대2동,4311374200
33043540,가경동,4311374700
33043550,봉명1동,4311375100
33043560,봉명2·송정동,4311375600
33043570,강서1동,4311376000
33043580,강서2동,4311377000
33044110,내수읍,4311425000
33044120,오창읍,4311425300
33044310,북이면,4311431000
33044510,오근장동,4311455000
33044520,우암동,4311451000
33044530,내덕1동,4311452000
33044540,내덕2동,4311453000
33044550,율량·사천동,4311454000
33520110,보은읍,4372025000
33520310,속리산면,4372031500
33520320,장안면,4372032500
33520330,마로면,4372033000
33520340,탄부면,4372034000
33520350,삼승면,4372035000
33520360,수한면,4372036000
33520370,회남면,4372037000
33520380,회인면,4372038500
33520390,내북면,4372039000
33520400,산외면,4372040000
33530110,옥천읍,4373025000
33530310,동이면,4373031000
33530320,안남면,4373032000
33530330,안내면,4373033000
33530340,청성면,4373034000
33530350,청산면,4373035000
33530360,이원면,4373036000
33530370,군서면,4373037000
33530380,군북면,4373038000
33540110,영동읍,4374025000
33540310,용산면,4374031000
33540320,황간면,4374032000
33540330,추풍령면,4374033500
33540340,매곡면,4374034000
33540350,상촌면,4374035000
33540360,양강면,4374036000
33540370,용화면,4374037000
33540380,학산면,4374038000
33540390,양산면,4374039000
33540400,심천면,4374040000
33550110,진천읍,4375025000
33550120,덕산읍,4375025300
33550320,초평면,4375032000
33550330,문백면,4375033000
33550340,백곡면,4375034000
33550350,이월면,4375035000
33550360,광혜원면,4375037000
33560110,괴산읍,4376025000
33560310,감물면,4376031000
33560320,장연면,4376032000
33560330,연풍면,4376033000
33560340,칠성면,4376034000
33560350,문광면,4376035000
33560360,청천면,4376036000
33560370,청안면,4376037000
33560380,사리면,4376039000
33560390,소수면,4376040000
33560400,불정면,4376041000
33570110,음성읍,4377025000
33570120,금왕읍,4377025300
33570310,소이면,4377031000
33570320,원남면,4377032000
33570330,맹동면,4377033000
33570340,대소면,4377034000
33570350,삼성면,4377035000
33570360,생극면,4377036000
33570370,감곡면,4377037000
33580110,단양읍,4380025000
33580120,매포읍,4380025300
33580310,단성면,4380036000
33580320,대강면,4380031000
33580330,가곡면,4380032000
33580340,영춘면,4380033000
33580350,어상천면,4380034000
33580360,적성면,4380035000
33590140,증평읍,4374525000
33590310,도안면,4374531000
34011110,목천읍,4413125000
34011310,풍세면,4413131000
34011320,광덕면,4413132000
34011330,북면,4413133000
34011340,성남면,4413134000
34011350,수신면,4413135000
34011360,병천면,4413136000
34011370,동면,4413137000
34011510,중앙동,4413151000
34011520,문성동,4413152000
34011530,원성1동,4413153000
34011540,원성2동,4413154000
34011550,봉명동,4413155000
34011560,일봉동,4413156000
34011570,신방동,4413157000
34011580,청룡동,4413158000
34011590,신안동,4413159000
34012110,성환읍,4413325000
34012120,성거읍,4413325300
34012130,직산읍,4413325600
34012310,입장면,4413331000
34012510,성정1동,4413351000
34012520,성정2동,4413352000
34012530,쌍용1동,4413353000
34012540,쌍용2동,4413354000
34012550,쌍용3동,4413355000
34012580,백석동,4413356000
34012600,부성1동,4413358000
34012610,부성2동,4413359000
34012620,불당1동,4413356600
34012630,불당2동,4413356700
34020110,유구읍,4415025000
34020310,이인면,4415031000
34020320,탄천면,4415032000
34020330,계룡면,4415033000
34020340,반포면,4415034000
34020360,의당면,4415036000
34020370,정안면,4415037000
34020380,우성면,4415038000
34020390,사곡면,4415039000
34020400,신풍면,4415040000
34020510,중학동,4415051000
34020550,금학동,4415055000
34020560,옥룡동,4415056000
34020570,신관동,4415057000
34020580,웅진동,4415054000
34020590,월송동,4415059000
34030110,웅천읍,4418025000
34030310,주포면,4418031000
34030320,주교면,4418041000
34030330,오천면,4418032000
34030340,천북면,4418033000
34030350,청소면,4418034000
34030360,청라면,4418035000
34030370,남포면,4418036000
34030380,주산면,4418038000
34030390,미산면,4418039000
34030400,성주면,4418040000
34030510,대천1동,4418051500
34030520,대천2동,4418052500
34030530,대천3동,4418053500
34030540,대천4동,4418054500
34030560,대천5동,4418056500
34040110,염치읍,4420025000
34040120,배방읍,4420025300
34040310,송악면,4420031000
34040330,탕정면,4420033000
34040340,음봉면,4420035000
34040350,둔포면,4420036000
34040360,영인면,4420037000
34040370,인주면,4420038000
34040380,선장면,4420039000
34040390,도고면,4420040000
34040400,신창면,4420041000
34040510,온양1동,4420057000
34040520,온양2동,4420058000
34040530,온양3동,4420059000
34040540,온양4동,4420060000
34040550,온양5동,4420061000
34040560,온양6동,4420062000
34050110,대산읍,4421025000
34050310,인지면,4421031000
34050320,부석면,4421032000
34050330,팔봉면,4421033000
34050340,지곡면,4421034000
34050350,성연면,4421036000
34050360,음암면,4421037000
34050370,운산면,4421038000
34050380,해미면,4421039000
34050390,고북면,4421040000
34050510,부춘동,4421051000
34050520,동문1동,4421052500
34050530,동문2동,4421053500
34050540,수석동,4421054000
34050550,석남동,4421055000
34060110,강경읍,4423025000
34060120,연무읍,4423025300
34060310,성동면,4423031000
34060320,광석면,4423032000
34060330,노성면,4423033000
34060340,상월면,4423034000
34060350,부적면,4423035000
34060360,연산면,4423036000
34060370,벌곡면,4423038000
34060380,양촌면,4423039000
34060390,가야곡면,4423040000
34060400,은진면,4423041000
34060410,채운면,4423042000
34060510,취암동,4423051000
34060520,부창동,4423052000
34070310,두마면,4425031000
34070330,엄사면,4425031500
34070340,신도안면,4425033000
34070510,금암동,4425051000
34080110,합덕읍,4427025000
34080120,송악읍,4427025300
34080310,고대면,4427031000
34080320,석문면,4427032000
34080330,대호지면,4427033000
34080340,정미면,4427034000
34080350,면천면,4427035000
34080360,순성면,4427036000
34080370,우강면,4427037000
34080380,신평면,4427038000
34080390,송산면,4427039000
34080510,당진1동,4427051000
34080520,당진2동,4427052000
34080530,당진3동,4427053000
34510110,금산읍,4471025000
34510310,금성면,4471031000
34510320,제원면,4471032000
34510330,부리면,4471033000
34510340,군북면,4471034000
34510350,남일면,4471035000
34510360,남이면,4471036000
34510370,진산면,4471037000
34510380,복수면,4471038000
34510390,추부면,4471039000
34530110,부여읍,4476025000
34530310,규암면,4476031000
34530320,은산면,4476032000
34530330,외산면,4476033000
34530340,내산면,4476034000
34530350,구룡면,4476035000
34530360,홍산면,4476036000
34530370,옥산면,4476037000
34530380,남면,4476038000
34530390,충화면,4476039000
34530400,양화면,4476040000
34530410,임천면,4476041000
34530420,장암면,4476042000
34530430,세도면,4476043000
34530440,석성면,4476044000
34530450,초촌면,4476045000
34540110,장항읍,4477025000
34540120,서천읍,4477025300
34540310,마서면,4477031000
34540320,화양면,4477032000
34540330,기산면,4477033000
34540340,한산면,4477034000
34540350,마산면,4477035000
34540360,시초면,4477036000
34540370,문산면,4477037000
34540380,판교면,4477038000
34540390,종천면,4477039000
34540400,비인면,4477040000
34540410,서면,4477041000
34550110,청양읍,4479025000
34550310,운곡면,4479031000
34550320,대치면,4479032000
34550330,정산면,4479033000
34550340,목면,4479034000
34550350,청남면,4479035000
34550360,장평면,4479036000
34550370,남양면,4479037000
34550380,화성면,4479038000
34550390,비봉면,4479039000
34560110,홍성읍,4480025000
34560120,광천읍,4480025300
34560130,홍북읍,4480025600
34560320,금마면,4480032000
34560330,홍동면,4480033000
34560340,장곡면,4480034000
34560350,은하면,4480035000
34560360,결성면,4480036000
34560370,서부면,4480037000
34560380,갈산면,4480038000
34560390,구항면,4480039000
34570110,예산읍,4481025000
34570120,삽교읍,4481025300
34570310,대술면,4481031000
34570320,신양면,4481032000
34570330,광시면,4481033000
34570340,대흥면,4481034000
34570350,응봉면,4481035000
34570360,덕산면,4481036000
34570370,봉산면,4481037000
34570380,고덕면,4481038000
34570390,신암면,4481039000
34570400,오가면,4481040000
34580110,태안읍,4482525000
34580120,안면읍,4482525300
34580310,고남면,4482531000
34580320,남면,4482532000
34580330,근흥면,4482533000
34580340,소원면,4482534000
34580350,원북면,4482535000
34580360,이원면,4482536000
35011600,동서학동,4511165000
35011610,서서학동,4511166000
35011620,중화산1동,4511167100
35011630,중화산2동,4511167200
35011640,평화1동,4511169100
35011650,평화2동,4511169200
35011660,서신동,4511168000
35011670,삼천1동,4511170100
35011680,삼천2동,4511170200
35011690,삼천3동,4511170300
35011700,효자1동,4511171100
35011710,효자2동,4511171200
35011720,효자3동,4511171300
35011740,중앙동,4511151000
35011750,풍남동,4511153000
35011760,노송동,4511160500
35011770,완산동,4511163500
35011780,효자4동,4511171400
35011790,효자5동,4511173000
35012540,인후1동,4511354000
35012550,인후2동,4511355000
35012560,인후3동,4511356000
35012570,덕진동,4511357000
35012580,금암1동,4511358000
35012590,금암2동,4511359000
35012600,팔복동,4511360000
35012610,우아1동,4511361100
35012620,우아2동,4511361200
35012630,호성동,4511362000
35012650,송천1동,4511364100
35012660,송천2동,4511364200
35012670,조촌동,4511365000
35012690,진북동,4511352500
35012700,혁신동,4511367000
35012710,여의동,4511366500
35020110,옥구읍,4513025000
35020310,옥산면,4513031000
35020320,회현면,4513032000
35020330,임피면,4513033000
35020340,서수면,4513034000
35020350,대야면,4513035000
35020360,개정면,4513036000
35020370,성산면,4513037000
35020380,나포면,4513038000
35020390,옥도면,4513039000
35020400,옥서면,4513040000
35020510,해신동,4513051500
35020530,월명동,4513053000
35020550,신풍동,4513055000
35020560,삼학동,4513056000
35020600,중앙동,4513060500
35020640,흥남동,4513064000
35020650,조촌동,4513065000
35020660,경암동,4513066000
35020670,구암동,4513067000
35020680,개정동,4513068000
35020690,수송동,4513069000
35020700,나운1동,4513070100
35020710,나운2동,4513070200
35020720,소룡동,4513071000
35020730,미성동,4513072000
35020740,나운3동,4513070300
35030110,함열읍,4514025000
35030310,오산면,4514031000
35030320,황등면,4514032000
35030330,함라면,4514033000
35030340,웅포면,4514034000
35030350,성당면,4514035000
35030360,용안면,4514036000
35030370,낭산면,4514037000
35030380,망성면,4514038000
35030390,여산면,4514039000
35030400,금마면,4514040000
35030410,왕궁면,4514041000
35030420,춘포면,4514042000
35030430,삼기면,4514043000
35030440,용동면,4514044000
35030510,중앙동,4514052000
35030530,평화동,4514053000
35030550,인화동,4514056000
35030570,동산동,4514057000
35030580,마동,4514058000
35030590,남중동,4514059500
35030610,모현동,4514061000
35030620,송학동,4514062000
35030650,신동,4514065600
35030660,영등1동,4514064600
35030690,팔봉동,4514067000
35030700,삼성동,4514069000
35030710,영등2동,4514064700
35030720,어양동,4514065200
35040110,신태인읍,4518025000
35040310,북면,4518031000
35040320,입암면,4518032000
35040330,소성면,4518033000
35040340,고부면,4518034000
35040350,영원면,4518035000
35040360,덕천면,4518036000
35040370,이평면,4518037000
35040380,정우면,4518038000
35040390,태인면,4518039000
35040400,감곡면,4518040000
35040410,옹동면,4518041000
35040420,칠보면,4518042000
35040430,산내면,4518043000
35040440,산외면,4518044000
35040510,수성동,4518051000
35040520,장명동,4518052000
35040530,내장상동,4518053500
35040540,시기동,4518054500
35040570,연지동,4518057000
35040580,농소동,4518058000
35040590,상교동,4518059500
35040600,초산동,4518056500
35050110,운봉읍,4519025000
35050310,주천면,4519031000
35050320,수지면,4519032000
35050330,송동면,4519033000
35050340,주생면,4519034000
35050350,금지면,4519035000
35050360,대강면,4519036000
35050370,대산면,4519037000
35050380,사매면,4519038000
35050390,덕과면,4519039000
35050400,보절면,4519040000
35050410,산동면,4519041000
35050420,이백면,4519042000
35050430,인월면,4519047000
35050440,아영면,4519045000
35050450,산내면,4519046000
35050510,동충동,4519051000
35050520,죽항동,4519052000
35050540,노암동,4519054000
35050550,금동,4519055000
35050560,왕정동,4519056000
35050570,향교동,4519057000
35050590,도통동,4519059000
35060110,만경읍,4521025000
35060310,죽산면,4521032000
35060320,백산면,4521033000
35060330,용지면,4521034000
35060340,백구면,4521035000
35060350,부량면,4521036000
35060360,공덕면,4521038000
35060370,청하면,4521039000
35060380,성덕면,4521040000
35060390,진봉면,4521041000
35060400,금구면,4521042000
35060410,봉남면,4521043000
35060420,황산면,4521044000
35060430,금산면,4521045000
35060440,광활면,4521046000
35060510,요촌동,4521051000
35060520,신풍동,4521052000
35060540,검산동,4521054000
35060580,교월동,4521058000
35510110,삼례읍,4571025000
35510120,봉동읍,4571025300
35510130,용진읍,4571025600
35510320,상관면,4571032000
35510330,이서면,4571033000
35510340,소양면,4571034000
35510350,구이면,4571035000
35510360,고산면,4571036000
35510370,비봉면,4571037000
35510380,운주면,4571038000
35510390,화산면,4571039000
35510400,동상면,4571040000
35510410,경천면,4571041000
35520110,진안읍,4572025000
35520310,용담면,4572031000
35520320,안천면,4572032000
35520330,동향면,4572033000
35520340,상전면,4572034000
35520350,백운면,4572035000
35520360,성수면,4572036000
35520370,마령면,4572037000
35520380,부귀면,4572038000
35520390,정천면,4572039000
35520400,주천면,4572040000
35530110,무주읍,4573025000
35530310,무풍면,4573031000
35530320,설천면,4573032000
35530330,적상면,4573033000
35530340,안성면,4573034000
35530350,부남면,4573035000
35540110,장수읍,4574025000
35540310,산서면,4574031000
35540320,번암면,4574032000
35540330,장계면,4574033500
35540340,천천면,4574034000
35540350,계남면,4574035000
35540360,계북면,4574036000
35550110,임실읍,4575025000
35550310,청웅면,4575031000
35550320,운암면,4575032000
35550330,신평면,4575033000
35550340,성수면,4575034000
35550350,오수면,4575035500
35550360,신덕면,4575036000
35550370,삼계면,4575037000
35550380,관촌면,4575038000
35550390,강진면,4575039000
35550400,덕치면,4575040000
35550410,지사면,4575041000
35560110,순창읍,4577025000
35560310,인계면,4577031000
35560320,동계면,4577032000
35560330,적성면,4577038000
35560340,유등면,4577039000
35560350,풍산면,4577033000
35560360,금과면,4577034000
35560370,팔덕면,4577035000
35560380,복흥면,4577037000
35560390,쌍치면,4577036000
35560400,구림면,4577040000
35570110,고창읍,4579025000
35570310,고수면,4579031000
35570320,아산면,4579032000
35570330,무장면,4579033000
35570340,공음면,4579034000
35570350,상하면,4579035000
35570360,해리면,4579036000
35570370,성송면,4579037000
35570380,대산면,4579038000
35570390,심원면,4579039000
35570400,흥덕면,4579040000
35570410,성내면,4579041000
35570420,신림면,4579042000
35570430,부안면,4579043000
35580110,부안읍,4580025000
35580310,주산면,4580031000
35580320,동진면,4580032000
35580330,행안면,4580033000
35580340,계화면,4580034000
35580350,보안면,4580035000
35580360,변산면,4580036000
35580370,진서면,4580037000
35580380,백산면,4580038000
35580390,상서면,4580039000
35580400,하서면,4580040000
35580410,줄포면,4580041000
35580420,위도면,4580042000
36010510,용당1동,4611051000
36010520,용당2동,4611052000
36010530,연동,4611053500
36010550,산정동,4611054500
36010560,연산동,4611055400
36010570,원산동,4611055800
36010580,대성동,4611056500
36010600,목원동,4611059500
36010620,동명동,4611064000
36010630,삼학동,4611064500
36010640,만호동,4611065500
36010650,유달동,4611066000
36010670,죽교동,4611069500
36010680,북항동,4611070500
36010690,용해동,4611074500
36010700,이로동,4611075000
36010710,상동,4611075600
36010720,하당동,4611075700
36010730,신흥동,4611075800
36010740,삼향동,4611078000
36010750,옥암동,4611079000
36010760,부흥동,4611080000
36010770,부주동,4611081000
36020110,돌산읍,4613025000
36020310,소라면,4613031000
36020320,율촌면,4613032000
36020330,화양면,4613033000
36020340,남면,4613034000
36020350,화정면,4613035000
36020360,삼산면,4613036000
36020510,동문동,4613051500
36020520,한려동,4613053500
36020530,중앙동,4613057000
36020540,충무동,4613060000
36020550,광림동,4613062500
36020560,서강동,4613063500
36020570,대교동,4613065500
36020580,국동,4613067000
36020590,월호동,4613068500
36020600,여서동,4613070000
36020610,문수동,4613071000
36020620,미평동,4613073000
36020630,둔덕동,4613074000
36020640,만덕동,4613076500
36020650,쌍봉동,4613078000
36020660,시전동,4613079000
36020670,여천동,4613080000
36020680,주삼동,4613081000
36020690,삼일동,4613082000
36020700,묘도동,4613083000
36030110,승주읍,4615025000
36030310,주암면,4615035000
36030320,송광면,4615036000
36030330,외서면,4615037000
36030340,낙안면,4615038000
36030350,별량면,4615039000
36030360,상사면,4615040000
36030370,해룡면,4615031000
36030380,서면,4615032000
36030390,황전면,4615033000
36030400,월등면,4615034000
36030510,향동,4615051500
36030540,매곡동,4615054000
36030550,삼산동,4615055000
36030560,조곡동,4615056000
36030570,덕연동,4615057000
36030580,풍덕동,4615058000
36030590,남제동,4615059000
36030600,저전동,4615060000
36030610,장천동,4615061000
36030620,중앙동,4615062000
36030630,도사동,4615063500
36030660,왕조1동,4615066100
36030670,왕조2동,4615066500
36040110,남평읍,4617025000
36040310,세지면,4617031000
36040320,왕곡면,4617032000
36040330,반남면,4617033000
36040340,공산면,4617034000
36040350,동강면,4617035000
36040360,다시면,4617036000
36040370,문평면,4617037000
36040380,노안면,4617038000
36040390,금천면,4617039000
36040400,산포면,4617040000
36040410,다도면,4617042000
36040420,봉황면,4617043000
36040510,송월동,4617051000
36040520,영강동,4617052000
36040540,금남동,4617054000
36040550,성북동,4617055000
36040580,영산동,4617058000
36040600,이창동,4617060000
36040610,빛가람동,4617062000
36060110,광양읍,4623025000
36060310,봉강면,4623031000
36060320,옥룡면,4623032000
36060330,옥곡면,4623033000
36060340,진상면,4623034000
36060350,진월면,4623035000
36060360,다압면,4623036000
36060510,골약동,4623051500
36060530,중마동,4623053000
36060540,광영동,4623054000
36060550,태인동,4623057000
36060560,금호동,4623055000
36510110,담양읍,4671025000
36510310,봉산면,4671031000
36510320,고서면,4671032000
36510340,창평면,4671034000
36510350,대덕면,4671035000
36510360,무정면,4671036000
36510370,금성면,4671037000
36510380,용면,4671038000
36510390,월산면,4671039000
36510400,수북면,4671040000
36510410,대전면,4671041000
36510420,가사문학면,4671033500
36520110,곡성읍,4672025000
36520310,오곡면,4672031000
36520320,삼기면,4672032000
36520330,석곡면,4672033000
36520340,목사동면,4672034000
36520350,죽곡면,4672035000
36520360,고달면,4672036000
36520370,옥과면,4672037000
36520380,입면,4672038000
36520390,겸면,4672039000
36520400,오산면,4672040000
36530110,구례읍,4673025000
36530310,문척면,4673031000
36530320,간전면,4673032000
36530330,토지면,4673033000
36530340,마산면,4673034000
36530350,광의면,4673035000
36530360,용방면,4673036000
36530370,산동면,4673037000
36550110,고흥읍,4677025000
36550120,도양읍,4677025300
36550310,풍양면,4677031000
36550320,도덕면,4677032000
36550330,금산면,4677033000
36550340,도화면,4677034000
36550350,포두면,4677035000
36550360,봉래면,4677036000
36550370,동일면,4677045000
36550380,점암면,4677037000
36550390,영남면,4677044000
36550400,과역면,4677038000
36550410,남양면,4677039000
36550420,동강면,4677040000
36550430,대서면,4677041000
36550440,두원면,4677042000
36560110,보성읍,4678025000
36560120,벌교읍,4678025300
36560310,노동면,4678031000
36560320,미력면,4678032000
36560330,겸백면,4678033000
36560340,율어면,4678034000
36560350,복내면,4678035000
36560360,문덕면,4678036000
36560370,조성면,4678037000
36560380,득량면,4678038000
36560390,회천면,4678039000
36560400,웅치면,4678040000
36570110,화순읍
36570310,한천면,4679031000
36570320,춘양면,4679032000
36570330,청풍면,4679033000
36570340,이양면,4679034000
36570350,능주면,4679035000
36570360,도곡면,4679036000
36570370,도암면,4679037000
36570380,이서면,4679038000
36570400,동복면,4679040000
36570420,동면,4679042000
36570430,백아면,4679039500
36570440,사평면,4679041500
36580110,장흥읍,4680025000
36580120,관산읍,4680025300
36580130,대덕읍,4680025600
36580310,용산면,4680031000
36580320,안양면,4680032000
36580330,장동면,4680033000
36580340,장평면,4680034000
36580350,유치면,4680035000
36580360,부산면,4680036000
36580370,회진면,4680037000
36590110,강진읍,4681025000
36590310,군동면,4681031000
36590320,칠량면,4681032000
36590330,대구면,4681033000
36590340,마량면,4681040000
36590350,도암면,4681034000
36590360,신전면,4681035000
36590370,성전면,4681036000
36590380,작천면,4681037000
36590390,병영면,4681038000
36590400,옴천면,4681039000
36600110,해남읍,4682025000
36600310,삼산면,4682031000
36600320,화산면,4682032000
36600330,현산면,4682033000
36600340,송지면,4682034000
36600350,북평면,4682035000
36600360,북일면,4682036000
36600370,옥천면,4682037000
36600380,계곡면,4682038000
36600390,마산면,4682039000
36600400,황산면,4682040000
36600410,산이면,4682041000
36600420,문내면,4682042000
36600430,화원면,4682043000
36610110,영암읍,4683025000
36610120,삼호읍,4683025300
36610310,덕진면,4683031000
36610320,금정면,4683032000
36610330,신북면,4683033000
36610340,시종면,4683034000
36610350,도포면,4683035000
36610360,군서면,4683036000
36610370,서호면,4683037000
36610380,학산면,4683038000
36610390,미암면,4683039000
36620110,무안읍,4684025000
36620120,일로읍,4684025300
36620130,삼향읍,4684025600
36620320,몽탄면,4684032000
36620330,청계면,4684033000
36620340,현경면,4684034000
36620350,망운면,4684035000
36620360,해제면,4684036000
36620370,운남면,4684037000
36630110,함평읍,4686025000
36630310,손불면,4686031000
36630320,신광면,4686032000
36630330,학교면,4686033000
36630340,엄다면,4686034000
36630350,대동면,4686035000
36630360,나산면,4686036000
36630370,해보면,4686037000
36630380,월야면,4686038000
36640110,영광읍,4687025000
36640120,백수읍,4687025300
36640130,홍농읍,4687025600
36640310,대마면,4687031000
36640320,묘량면,4687032000
36640330,불갑면,4687033000
36640340,군서면,4687034000
36640350,군남면,4687035000
36640360,염산면,4687036000
36640370,법성면,4687037000
36640380,낙월면,4687038000
36650110,장성읍,4688025000
36650310,진원면,4688031000
36650320,남면,4688032000
36650330,동화면,4688033000
36650340,삼서면,4688034000
36650350,삼계면,4688035000
36650360,황룡면,4688036000
36650370,서삼면,4688037000
36650380,북일면,4688038000
36650390,북이면,4688039000
36650400,북하면,4688040000
36660110,완도읍,4689025000
36660120,금일읍,4689025300
36660130,노화읍,4689025600
36660310,군외면,4689031000
36660320,신지면,4689032000
36660330,고금면,4689033000
36660340,약산면,4689034000
36660350,청산면,4689035000
36660360,소안면,4689036000
36660370,금당면,4689037000
36660380,보길면,4689038000
36660390,생일면,4689039000
36670110,진도읍,4690025000
36670310,군내면,4690031000
36670320,고군면,4690032000
36670330,의신면,4690033000
36670340,임회면,4690034000
36670350,지산면,4690035000
36670360,조도면,4690036000
36680110,지도읍,4691025000
36680120,압해읍,4691025300
36680310,증도면,4691031000
36680320,임자면,4691032000
36680330,자은면,4691033000
36680340,비금면,4691034000
36680350,도초면,4691035000
36680360,흑산면,4691036000
36680370,하의면,4691037000
36680380,신의면,4691038000
36680390,장산면,4691039000
36680400,안좌면,4691040000
36680410,팔금면,4691041000
36680420,암태면,4691042000
37011110,구룡포읍,4711125000
37011120,연일읍,4711125300
37011130,오천읍,4711125600
37011310,대송면,4711131000
37011320,동해면,4711132000
37011330,장기면,4711133000
37011350,호미곶면,4711135000
37011550,송도동,4711155000
37011560,청림동,4711156000
37011570,제철동,4711157000
37011580,효곡동,4711158000
37011590,대이동,4711159000
37011600,상대동,4711152500
37011610,해도동,4711154500
37012110,흥해읍,4711325000
37012310,신광면,4711331000
37012320,청하면,4711332000
37012330,송라면,4711333000
37012340,기계면,4711334000
37012350,죽장면,4711335000
37012360,기북면,4711336000
37012580,양학동,4711363000
37012610,용흥동,4711366500
37012630,우창동,4711368000
37012640,두호동,4711369000
37012650,장량동,4711370000
37012660,환여동,4711371000
37012670,중앙동,4711352000
37012680,죽도동,4711365500
37020110,감포읍,4713025000
37020120,안강읍,4713025300
37020130,건천읍,4713025600
37020140,외동읍,4713025900
37020320,양남면,4713032000
37020330,내남면,4713033000
37020340,산내면,4713034000
37020350,서면,4713035000
37020360,현곡면,4713036000
37020370,강동면,4713037000
37020380,천북면,4713038000
37020390,문무대왕면,4713031500
37020510,중부동,4713051500
37020550,성건동,4713055000
37020580,월성동,4713060500
37020590,선도동,4713059000
37020620,용강동,4713061500
37020630,황성동,4713062100
37020640,동천동,4713063000
37020660,불국동,4713065000
37020670,보덕동,4713066000
37020680,황오동,4713053000
37020690,황남동,4713057000
37030110,아포읍,4715025000
37030310,농소면,4715031000
37030320,남면,4715032000
37030330,개령면,4715034000
37030340,감문면,4715035000
37030350,어모면,4715036000
37030360,봉산면,4715037000
37030370,대항면,4715038000
37030380,감천면,4715039000
37030390,조마면,4715040000
37030400,구성면,4715041000
37030410,지례면,4715042000
37030420,부항면,4715043000
37030430,대덕면,4715044000
37030440,증산면,4715045000
37030550,양금동,4715056500
37030560,대신동,4715057500
37030580,대곡동,4715059500
37030590,지좌동,4715061000
37030600,자산동,4715051600
37030610,평화남산동,4715053600
37030620,율곡동,4715064000
37040110,풍산읍,4717025000
37040310,와룡면,4717031000
37040320,북후면,4717032000
37040330,서후면,4717033000
37040340,풍천면,4717034000
37040350,일직면,4717035000
37040360,남후면,4717036000
37040370,남선면,4717037000
37040380,임하면,4717038000
37040390,길안면,4717039000
37040400,임동면,4717040000
37040410,예안면,4717041000
37040420,도산면,4717042000
37040430,녹전면,4717043000
37040510,중구동,4717051000
37040520,명륜동,4717052000
37040540,용상동,4717055500
37040560,태화동,4717060000
37040580,평화동,4717062000
37040590,안기동,4717063000
37040600,옥동,4717065000
37040610,송하동,4717066000
37040620,서구동,4717058500
37040630,강남동,4717069000
37050110,선산읍,4719025000
37050120,고아읍,4719025300
37050130,산동읍,4719025600
37050310,무을면,4719031000
37050320,옥성면,4719032000
37050330,도개면,4719033000
37050340,해평면,4719034000
37050360,장천면,4719036000
37050510,송정동,4719051000
37050550,도량동,4719055100
37050560,지산동,4719055500
37050570,선주원남동,4719056500
37050590,형곡1동,4719058200
37050600,형곡2동,4719058300
37050610,신평1동,4719059000
37050620,신평2동,4719060000
37050660,광평동,4719063000
37050670,상모사곡동,4719064500
37050690,임오동,4719066000
37050700,인동동,4719067000
37050710,진미동,4719068000
37050720,양포동,4719069000
37050730,비산동,4719061000
37050740,공단동,4719070000
37050750,원평동,4719053500
37060110,풍기읍,4721025000
37060310,이산면,4721031000
37060320,평은면,4721032000
37060330,문수면,4721033000
37060340,장수면,4721034000
37060350,안정면,4721035000
37060360,봉현면,4721036000
37060370,순흥면,4721037000
37060380,단산면,4721038000
37060390,부석면,4721039000
37060510,상망동,4721051000
37060530,하망동,4721052500
37060550,영주1동,4721055000
37060580,영주2동,4721056000
37060590,휴천1동,4721059000
37060600,휴천2동,4721060000
37060610,휴천3동,4721061000
37060620,가흥1동,4721062000
37060630,가흥2동,4721063000
37070110,금호읍,4723025000
37070310,청통면,4723031000
37070320,신녕면,4723032000
37070330,화산면,4723033000
37070340,화북면,4723034000
37070350,화남면,4723035000
37070360,자양면,4723036000
37070370,임고면,4723037000
37070380,고경면,4723038000
37070390,북안면,4723039000
37070400,대창면,4723040000
37070510,동부동,4723051000
37070520,중앙동,4723052000
37070530,서부동,4723053500
37070540,완산동,4723054000
37070550,남부동,4723055500
37080110,함창읍,4725025000
37080320,중동면,4725031000
37080330,낙동면,4725033000
37080340,청리면,4725034000
37080350,공성면,4725035000
37080360,외남면,4725036000
37080370,내서면,4725037000
37080380,모동면,4725038000
37080390,모서면,4725039000
37080400,화동면,4725040000
37080410,화서면,4725041000
37080420,화북면,4725042000
37080430,외서면,4725043000
37080440,은척면,4725044000
37080450,공검면,4725045000
37080460,이안면,4725046000
37080470,화남면,4725047000
37080480,사벌국면,4725032500
37080520,남원동,4725052000
37080530,북문동,4725053000
37080540,계림동,4725054000
37080550,동문동,4725055000
37080560,동성동,4725056000
37080570,신흥동,4725057000
37090110,문경읍,4728025000
37090120,가은읍,4728025300
37090310,영순면,4728031000
37090320,산양면,4728032000
37090330,호계면,4728033000
37090340,산북면,4728034000
37090350,동로면,4728035000
37090360,마성면,4728036000
37090370,농암면,4728037000
37090570,점촌1동,4728057000
37090580,점촌2동,4728058000
37090590,점촌3동,4728059000
37090600,점촌4동,4728060000
37090610,점촌5동,4728061000
37100110,하양읍,4729025000
37100120,진량읍,4729025300
37100130,압량읍,4729025600
37100310,와촌면,4729031000
37100320,자인면,4729033000
37100330,용성면,4729034000
37100340,남산면,4729035000
37100360,남천면,4729037000
37100510,중앙동,4729052000
37100520,동부동,4729056000
37100530,서부1동,4729054100
37100540,남부동,4729053000
37100550,북부동,4729055000
37100560,중방동,4729051000
37100570,서부2동,4729054200
37510110,군위읍,4772025000
37510310,소보면,4772031000
37510320,효령면,4772032000
37510330,부계면,4772033000
37510340,우보면,4772034000
37510350,의흥면,4772035000
37510360,산성면,4772036000
37510380,삼국유사면,4772038000
37520110,의성읍,4773025000
37520310,단촌면,4773031000
37520320,점곡면,4773032000
37520330,옥산면,4773033000
37520340,사곡면,4773034000
37520350,춘산면,4773035000
37520360,가음면,4773036000
37520370,금성면,4773037000
37520380,봉양면,4773038000
37520390,비안면,4773039000
37520400,구천면,4773040000
37520410,단밀면,4773041000
37520420,단북면,4773042000
37520430,안계면,4773043000
37520440,다인면,4773044000
37520450,신평면,4773045000
37520460,안평면,4773046000
37520470,안사면,4773047000
37530110,청송읍,4775025000
37530320,부남면,4775032000
37530330,현동면,4775033000
37530340,현서면,4775034000
37530350,안덕면,4775035000
37530360,파천면,4775036000
37530370,진보면,4775037000
37530380,주왕산면,4775031500
37540110,영양읍,4776025000
37540310,입암면,4776031000
37540320,청기면,4776032000
37540330,일월면,4776033000
37540340,수비면,4776034000
37540350,석보면,4776035000
37550110,영덕읍,4777025000
37550310,강구면,4777031000
37550320,남정면,4777032000
37550330,달산면,4777033000
37550340,지품면,4777034000
37550350,축산면,4777035000
37550360,영해면,4777036000
37550370,병곡면,4777037000
37550380,창수면,4777038000
37560110,화양읍,4782025000
37560120,청도읍,4782025300
37560310,각남면,4782031000
37560320,풍각면,4782032000
37560330,각북면,4782033000
37560340,이서면,4782034000
37560350,운문면,4782035000
37560360,금천면,4782036000
37560370,매전면,4782037000
37570120,대가야읍,4783025300
37570310,덕곡면,4783031000
37570320,운수면,4783032000
37570330,성산면,4783033000
37570340,다산면,4783034000
37570350,개진면,4783035000
37570360,우곡면,4783036000
37570370,쌍림면,4783037000
37580110,성주읍,4784025000
37580310,선남면,4784031000
37580320,용암면,4784032000
37580330,수륜면,4784033000
37580340,가천면,4784034000
37580350,금수면,4784035000
37580360,대가면,4784036000
37580370,벽진면,4784037000
37580380,초전면,4784038000
37580390,월항면,4784039000
37590110,왜관읍,4785025000
37590120,북삼읍,4785025300
37590130,석적읍,4785025600
37590310,지천면,4785031000
37590320,동명면,4785032000
37590330,가산면,4785033000
37590360,약목면,4785036000
37590370,기산면,4785037000
37600110,예천읍,4790025000
37600310,용문면,4790031000
37600340,감천면,4790034000
37600350,보문면,4790035000
37600360,호명면,4790036000
37600370,유천면,4790037000
37600380,용궁면,4790038000
37600390,개포면,4790039000
37600400,지보면,4790040000
37600410,풍양면,4790041000
37600420,효자면,4790042000
37600430,은풍면,4790043000
37610110,봉화읍,4792025000
37610310,물야면,4792031000
37610320,봉성면,4792032000
37610330,법전면,4792033000
37610340,춘양면,4792034000
37610350,소천면,4792035000
37610360,석포면,4792039000
37610370,재산면,4792036000
37610380,명호면,4792037000
37610390,상운면,4792038000
37620110,울진읍,4793025000
37620120,평해읍,4793025300
37620310,북면,4793031000
37620330,근남면,4793033000
37620350,기성면,4793035000
37620360,온정면,4793036000
37620370,죽변면,4793037000
37620380,후포면,4793038000
37620390,금강송면,4793039000
37620400,매화면,4793040000
37630110,울릉읍,4794025000
37630310,서면,4794031000
37630320,북면,4794032000
38030110,문산읍,4817025000
38030310,내동면,4817031000
38030320,정촌면,4817032000
38030330,금곡면,4817033000
38030340,진성면,4817035000
38030350,일반성면,4817036000
38030360,이반성면,4817037000
38030370,사봉면,4817038000
38030380,지수면,4817039000
38030390,대곡면,4817040000
38030400,금산면,4817041000
38030410,집현면,4817042000
38030420,미천면,4817043000
38030430,명석면,4817044000
38030440,대평면,4817045000
38030450,수곡면,4817046000
38030650,상평동,4817068000
38030660,초장동,4817069500
38030670,평거동,4817071000
38030680,신안동,4817071500
38030690,이현동,4817072000
38030700,판문동,4817073000
38030710,가호동,4817074000
38030720,천전동,4817051500
38030730,성북동,4817055500
38030740,중앙동,4817056500
38030750,상봉동,4817059500
38030760,충무공동,4817075000
38030770,상대동,4817067300
38030780,하대동,4817067800
38050110,산양읍,4822025000
38050310,용남면,4822031000
38050320,도산면,4822033000
38050330,광도면,4822034000
38050340,욕지면,4822035000
38050350,한산면,4822036000
38050360,사량면,4822037000
38050520,명정동,4822053000
38050530,중앙동,4822055000
38050540,정량동,4822059000
38050550,북신동,4822060000
38050560,무전동,4822070000
38050620,도천동,4822051000
38050630,미수동,4822066500
38050640,봉평동,4822067000
38060110,사천읍,4824025000
38060310,정동면,4824031000
38060320,사남면,4824032000
38060330,용현면,4824033000
38060340,축동면,4824034000
38060350,곤양면,4824035000
38060360,곤명면,4824036000
38060370,서포면,4824037000
38060510,동서동,4824051000
38060520,선구동,4824052000
38060530,동서금동,4824053000
38060550,벌용동,4824055000
38060570,향촌동,4824057000
38060590,남양동,4824059500
38070110,진영읍,4825025000
38070320,주촌면,4825032000
38070330,진례면,4825033000
38070340,한림면,4825034000
38070350,생림면,4825035000
38070360,상동면,4825036000
38070370,대동면,4825037000
38070510,동상동,4825051000
38070520,회현동,4825052000
38070530,부원동,4825053000
38070540,내외동,4825054000
38070550,북부동,4825055000
38070560,칠산서부동,4825056500
38070580,활천동,4825058000
38070590,삼안동,4825059000
38070600,불암동,4825060000
38070610,장유1동,4825061000
38070620,장유2동,4825062000
38070630,장유3동,4825063000
38080110,삼랑진읍,4827025000
38080120,하남읍,4827025300
38080310,부북면,4827031000
38080320,상동면,4827032000
38080330,산외면,4827033000
38080340,산내면,4827034000
38080350,단장면,4827035000
38080360,상남면,4827036000
38080370,초동면,4827037000
38080380,무안면,4827038000
38080390,청도면,4827039000
38080510,내일동,4827051000
38080520,내이동,4827052000
38080530,교동,4827055000
38080540,삼문동,4827053000
38080550,가곡동,4827054000
38090310,일운면,4831031000
38090320,동부면,4831032000
38090330,남부면,4831033000
38090340,거제면,4831034000
38090350,둔덕면,4831035000
38090360,사등면,4831036000
38090370,연초면,4831037000
38090380,하청면,4831038000
38090390,장목면,4831039000
38090530,능포동,4831053000
38090540,아주동,4831054000
38090550,옥포1동,4831055000
38090560,옥포2동,4831056000
38090570,장평동,4831057000
38090580,고현동,4831058000
38090590,상문동,4831059000
38090600,수양동,4831060000
38090610,장승포동,4831051000
38100120,물금읍,4833025300
38100310,동면,4833031000
38100320,원동면,4833032000
38100330,상북면,4833033000
38100340,하북면,4833034000
38100520,삼성동,4833052000
38100530,강서동,4833053000
38100540,서창동,4833054000
38100550,소주동,4833055000
38100560,평산동,4833056000
38100570,덕계동,4833057000
38100580,중앙동,4833051000
38100590,양주동,4833051500
38111110,동읍,4812125000
38111310,북면,4812131000
38111320,대산면,4812132000
38111510,의창동,4812151000
38111520,팔룡동,4812152000
38111530,명곡동,4812153000
38111540,봉림동,4812154000
38112510,반송동,4812351000
38112520,중앙동,4812352000
38112530,상남동,4812353000
38112540,사파동,4812354000
38112550,가음정동,4812355000
38112560,성주동,4812356000
38112570,웅남동,4812357000
38112580,용지동,4812351500
38113310,구산면,4812531000
38113320,진동면,4812532000
38113330,진북면,4812533000
38113340,진전면,4812534000
38113510,현동,4812551000
38113520,가포동,4812552000
38113530,월영동,4812553000
38113540,문화동,4812554000
38113570,완월동,4812557000
38113580,자산동,4812558000
38113640,합포동,4812564000
38113650,산호동,4812565000
38113660,반월중앙동,4812556500
38113670,오동동,4812563000
38113680,교방동,4812561000
38114110,내서읍,4812725000
38114510,회원1동,4812751000
38114520,회원2동,4812752000
38114550,회성동,4812755000
38114560,양덕1동,4812756000
38114570,양덕2동,4812757000
38114580,합성1동,4812758000
38114590,합성2동,4812759000
38114600,구암1동,4812760000
38114610,구암2동,4812761000
38114620,봉암동,4812762000
38114630,석전동,4812754500
38115540,여좌동,4812954000
38115550,태백동,4812955000
38115560,경화동,4812956000
38115570,병암동,4812957000
38115580,석동,4812958000
38115590,이동,4812959000
38115600,자은동,4812960000
38115610,덕산동,4812961000
38115620,풍호동,4812962000
38115630,웅천동,4812963000
38115640,웅동1동,4812964000
38115650,웅동2동,4812965000
38115660,충무동,4812953000
38510110,의령읍,4872025000
38510310,가례면,4872031000
38510320,칠곡면,4872032000
38510330,대의면,4872033000
38510340,화정면,4872034000
38510350,용덕면,4872035000
38510360,정곡면,4872036000
38510370,지정면,4872037000
38510380,낙서면,4872038000
38510390,부림면,4872039000
38510400,봉수면,4872040000
38510410,궁류면,4872041500
38510420,유곡면,4872042000
38520110,가야읍,4873025000
38520120,칠원읍,4873025300
38520310,함안면,4873031000
38520320,군북면,4873032000
38520330,법수면,4873033000
38520340,대산면,4873034000
38520350,칠서면,4873035000
38520360,칠북면,4873036000
38520380,산인면,4873038000
38520390,여항면,4873039000
38530110,창녕읍,4874025000
38530120,남지읍,4874025300
38530310,고암면,4874031000
38530320,성산면,4874032000
38530330,대합면,4874033000
38530340,이방면,4874034000
38530350,유어면,4874035000
38530360,대지면,4874036000
38530370,계성면,4874037000
38530380,영산면,4874038000
38530390,장마면,4874039000
38530400,도천면,4874040000
38530410,길곡면,4874041000
38530420,부곡면,4874042000
38540110,고성읍,4882025000
38540310,삼산면,4882031000
38540320,하일면,4882032000
38540330,하이면,4882033000
38540340,상리면,4882034000
38540350,대가면,4882035000
38540360,영현면,4882036000
38540370,영오면,4882037000
38540380,개천면,4882038000
38540390,구만면,4882039000
38540400,회화면,4882040000
38540410,마암면,4882041000
38540420,동해면,4882042000
38540430,거류면,4882043000
38550110,남해읍,4884025000
38550310,이동면,4884031000
38550320,상주면,4884032000
38550330,삼동면,4884033000
38550340,미조면,4884034000
38550350,남면,4884035000
38550360,서면,4884036000
38550370,고현면,4884037000
38550380,설천면,4884038000
38550390,창선면,4884039000
38560110,하동읍,4885025000
38560310,화개면,4885031000
38560320,악양면,4885032000
38560330,적량면,4885033000
38560340,횡천면,4885034000
38560350,고전면,4885035000
38560360,금남면,4885036000
38560370,금성면,4885042000
38560380,진교면,4885037000
38560390,양보면,4885038000
38560400,북천면,4885039000
38560410,청암면,4885040000
38560420,옥종면,4885041000
38570110,산청읍,4886025000
38570310,차황면,4886031000
38570320,오부면,4886032000
38570330,생초면,4886033000
38570340,금서면,4886034000
38570350,삼장면,4886035000
38570360,시천면,4886036000
38570370,단성면,4886037000
38570380,신안면,4886038000
38570390,생비량면,4886039000
38570400,신등면,4886040000
38580110,함양읍,4887025000
38580310,마천면,4887031000
38580320,휴천면,4887032000
38580330,유림면,4887033000
38580340,수동면,4887034000
38580350,지곡면,4887035000
38580360,안의면,4887036000
38580370,서하면,4887037000
38580380,서상면,4887038000
38580390,백전면,4887039000
38580400,병곡면,4887040000
38590110,거창읍,4888025000
38590310,주상면,4888031000
38590320,웅양면,4888032000
38590330,고제면,4888033000
38590340,북상면,4888034000
38590350,위천면,4888035000
38590360,마리면,4888036000
38590370,남상면,4888037000
38590380,남하면,4888038000
38590390,신원면,4888039000
38590400,가조면,4888040000
38590410,가북면,4888041000
38600110,합천읍,4889025000
38600310,봉산면,4889031000
38600320,묘산면,4889032000
38600330,가야면,4889033000
38600340,야로면,4889034000
38600350,율곡면,4889035000
38600360,초계면,4889036000
38600370,쌍책면,4889037000
38600380,덕곡면,4889038000
38600390,청덕면,4889039000
38600400,적중면,4889040000
38600410,대양면,4889041000
38600420,쌍백면,4889042000
38600430,삼가면,4889043000
38600440,가회면,4889044000
38600450,대병면,4889045000
38600460,용주면,4889046000
39010110,한림읍,5011025000
39010120,애월읍,5011025300
39010130,구좌읍,5011025600
39010140,조천읍,5011025900
39010310,한경면,5011031000
39010320,추자면,5011032000
39010330,우도면,5011033000
39010510,일도1동,5011051000
39010520,일도2동,5011052000
39010530,이도1동,5011053000
39010540,이도2동,5011054000
39010550,삼도1동,5011055000
39010560,삼도2동,5011056000
39010570,용담1동,5011057000
39010580,용담2동,5011058000
39010590,건입동,5011059000
39010600,화북동,5011060000
39010610,삼양동,5011061000
39010620,봉개동,5011062000
39010630,아라동,5011063000
39010640,오라동,5011064000
39010650,연동,5011065000
39010660,노형동,5011066000
39010670,외도동,5011067000
39010680,이호동,5011068000
39010690,도두동,5011069000
39020110,대정읍,5013025000
39020120,남원읍,5013025300
39020130,성산읍,5013025900
39020310,안덕면,5013031000
39020320,표선면,5013032000
39020510,송산동,5013051000
39020520,정방동,5013052000
39020530,중앙동,5013053000
39020540,천지동,5013054000
39020550,효돈동,5013055000
39020560,영천동,5013056000
39020570,동홍동,5013057000
39020580,서홍동,5013058000
39020590,대륜동,5013059000
39020600,대천동,5013060000
39020610,중문동,5013061000
39020620,예래동,5013062000
31101513,삼송2동,4128157700
31101514,행신3동,4128165500
31103511,중산1동,4128552500
31104511,탄현1동,4128754500
31104513,덕이동,4128760000
25030511,가수원동,3017059000
