BASE_DATE,ADM_CD,ADM_NM
"20220630","11010530",사직동
"20220630","11010540",삼청동
"20220630","11010550",부암동
"20220630","11010560",평창동
"20220630","11010570",무악동
"20220630","11010580",교남동
"20220630","11010600",가회동
"20220630","11010610",종로1·2·3·4가동
"20220630","11010630",종로5·6가동
"20220630","11010640",이화동
"20220630","11010670",창신1동
"20220630","11010680",창신2동
"20220630","11010690",창신3동
"20220630","11010700",숭인1동
"20220630","11010710",숭인2동
"20220630","11010720",청운효자동
"20220630","11010730",혜화동
"20220630","11020520",소공동
"20220630","11020540",회현동
"20220630","11020550",명동
"20220630","11020570",필동
"20220630","11020580",장충동
"20220630","11020590",광희동
"20220630","11020600",을지로동
"20220630","11020650",신당5동
"20220630","11020670",황학동
"20220630","11020680",중림동
"20220630","11020690",신당동
"20220630","11020700",다산동
"20220630","11020710",약수동
"20220630","11020720",청구동
"20220630","11020730",동화동
"20220630","11030510",후암동
"20220630","11030520",용산2가동
"20220630","11030530",남영동
"20220630","11030570",원효로2동
"20220630","11030580",효창동
"20220630","11030590",용문동
"20220630","11030630",이촌1동
"20220630","11030640",이촌2동
"20220630","11030650",이태원1동
"20220630","11030660",이태원2동
"20220630","11030690",서빙고동
"20220630","11030700",보광동
"20220630","11030710",청파동
"20220630","11030720",원효로1동
"20220630","11030730",한강로동
"20220630","11030740",한남동
"20220630","11040520",왕십리2동
"20220630","11040540",마장동
"20220630","11040550",사근동
"20220630","11040560",행당1동
"20220630","11040570",행당2동
"20220630","11040580",응봉동
"20220630","11040590",금호1가동
"20220630","11040620",금호4가동
"20220630","11040650",성수1가1동
"20220630","11040660",성수1가2동
"20220630","11040670",성수2가1동
"20220630","11040680",성수2가3동
"20220630","11040690",송정동
"20220630","11040700",용답동
"20220630","11040710",왕십리도선동
"20220630","11040720",금호2·3가동
"20220630","11040730",옥수동
"20220630","11050530",화양동
"20220630","11050540",군자동
"20220630","11050550",중곡1동
"20220630","11050560",중곡2동
"20220630","11050570",중곡3동
"20220630","11050580",중곡4동
"20220630","11050590",능동
"20220630","11050600",구의1동
"20220630","11050610",구의2동
"20220630","11050620",구의3동
"20220630","11050630",광장동
"20220630","11050640",자양1동
"20220630","11050650",자양2동
"20220630","11050660",자양3동
"20220630","11050670",자양4동
"20220630","11060710",회기동
"20220630","11060720",휘경1동
"20220630","11060730",휘경2동
"20220630","11060800",청량리동
"20220630","11060810",용신동
"20220630","11060820",제기동
"20220630","11060830",전농1동
"20220630","11060840",전농2동
"20220630","11060860",답십리2동
"20220630","11060870",장안1동
"20220630","11060880",장안2동
"20220630","11060890",이문1동
"20220630","11060900",이문2동
"20220630","11060910",답십리1동
"20220630","11070520",면목2동
"20220630","11070540",면목4동
"20220630","11070550",면목5동
"20220630","11070570",면목7동
"20220630","11070590",상봉1동
"20220630","11070600",상봉2동
"20220630","11070610",중화1동
"20220630","11070620",중화2동
"20220630","11070640",묵1동
"20220630","11070650",묵2동
"20220630","11070680",망우3동
"20220630","11070690",신내1동
"20220630","11070700",신내2동
"20220630","11070710",면목본동
"20220630","11070720",면목3·8동
"20220630","11070730",망우본동
"20220630","11080580",돈암1동
"20220630","11080590",돈암2동
"20220630","11080600",안암동
"20220630","11080610",보문동
"20220630","11080620",정릉1동
"20220630","11080630",정릉2동
"20220630","11080640",정릉3동
"20220630","11080650",정릉4동
"20220630","11080660",길음1동
"20220630","11080680",길음2동
"20220630","11080710",월곡1동
"20220630","11080720",월곡2동
"20220630","11080760",장위1동
"20220630","11080770",장위2동
"20220630","11080780",장위3동
"20220630","11080810",성북동
"20220630","11080820",삼선동
"20220630","11080830",동선동
"20220630","11080840",종암동
"20220630","11080850",석관동
"20220630","11090600",번1동
"20220630","11090610",번2동
"20220630","11090620",번3동
"20220630","11090630",수유1동
"20220630","11090640",수유2동
"20220630","11090650",수유3동
"20220630","11090690",삼양동
"20220630","11090700",미아동
"20220630","11090710",송중동
"20220630","11090720",송천동
"20220630","11090730",삼각산동
"20220630","11090740",우이동
"20220630","11090750",인수동
"20220630","11100510",쌍문1동
"20220630","11100520",쌍문2동
"20220630","11100530",쌍문3동
"20220630","11100540",쌍문4동
"20220630","11100550",방학1동
"20220630","11100560",방학2동
"20220630","11100570",방학3동
"20220630","11100590",창1동
"20220630","11100600",창2동
"20220630","11100610",창3동
"20220630","11100620",창4동
"20220630","11100630",창5동
"20220630","11100640",도봉1동
"20220630","11100650",도봉2동
"20220630","11110510",월계1동
"20220630","11110520",월계2동
"20220630","11110530",월계3동
"20220630","11110560",공릉2동
"20220630","11110580",하계1동
"20220630","11110590",하계2동
"20220630","11110600",중계본동
"20220630","11110610",중계1동
"20220630","11110640",중계4동
"20220630","11110650",상계1동
"20220630","11110660",상계2동
"20220630","11110690",상계5동
"20220630","11110720",상계8동
"20220630","11110730",상계9동
"20220630","11110740",상계10동
"20220630","11110760",상계3·4동
"20220630","11110770",상계6·7동
"20220630","11110780",중계2·3동
"20220630","11110790",공릉1동
"20220630","11120510",녹번동
"20220630","11120520",불광1동
"20220630","11120550",갈현1동
"20220630","11120560",갈현2동
"20220630","11120570",구산동
"20220630","11120580",대조동
"20220630","11120590",응암1동
"20220630","11120600",응암2동
"20220630","11120650",신사1동
"20220630","11120660",신사2동
"20220630","11120670",증산동
"20220630","11120680",수색동
"20220630","11120710",진관동
"20220630","11120720",불광2동
"20220630","11120730",응암3동
"20220630","11120740",역촌동
"20220630","11130520",천연동
"20220630","11130620",홍제1동
"20220630","11130640",홍제3동
"20220630","11130650",홍제2동
"20220630","11130660",홍은1동
"20220630","11130680",홍은2동
"20220630","11130690",남가좌1동
"20220630","11130700",남가좌2동
"20220630","11130710",북가좌1동
"20220630","11130720",북가좌2동
"20220630","11130730",충현동
"20220630","11130740",북아현동
"20220630","11130750",신촌동
"20220630","11130760",연희동
"20220630","11140590",용강동
"20220630","11140600",대흥동
"20220630","11140610",염리동
"20220630","11140630",신수동
"20220630","11140660",서교동
"20220630","11140680",합정동
"20220630","11140690",망원1동
"20220630","11140700",망원2동
"20220630","11140710",연남동
"20220630","11140720",성산1동
"20220630","11140730",성산2동
"20220630","11140740",상암동
"20220630","11140750",도화동
"20220630","11140760",서강동
"20220630","11140770",공덕동
"20220630","11140780",아현동
"20220630","11150510",목1동
"20220630","11150520",목2동
"20220630","11150530",목3동
"20220630","11150540",목4동
"20220630","11150570",신월1동
"20220630","11150580",신월2동
"20220630","11150590",신월3동
"20220630","11150600",신월4동
"20220630","11150610",신월5동
"20220630","11150620",신월6동
"20220630","11150630",신월7동
"20220630","11150640",신정1동
"20220630","11150650",신정2동
"20220630","11150660",신정3동
"20220630","11150690",신정6동
"20220630","11150700",신정7동
"20220630","11150710",목5동
"20220630","11150720",신정4동
"20220630","11160510",염창동
"20220630","11160520",등촌1동
"20220630","11160530",등촌2동
"20220630","11160540",등촌3동
"20220630","11160550",화곡본동
"20220630","11160570",화곡2동
"20220630","11160580",화곡3동
"20220630","11160590",화곡4동
"20220630","11160610",화곡6동
"20220630","11160630",화곡8동
"20220630","11160640",가양1동
"20220630","11160650",가양2동
"20220630","11160660",가양3동
"20220630","11160670",발산1동
"20220630","11160690",공항동
"20220630","11160700",방화1동
"20220630","11160710",방화2동
"20220630","11160720",방화3동
"20220630","11160730",화곡1동
"20220630","11160740",우장산동
"20220630","11170510",신도림동
"20220630","11170520",구로1동
"20220630","11170540",구로3동
"20220630","11170550",구로4동
"20220630","11170560",구로5동
"20220630","11170610",고척1동
"20220630","11170620",고척2동
"20220630","11170640",개봉2동
"20220630","11170650",개봉3동
"20220630","11170670",오류1동
"20220630","11170690",수궁동
"20220630","11170700",가리봉동
"20220630","11170710",구로2동
"20220630","11170720",개봉1동
"20220630","11170730",오류2동
"20220630","11170740",항동
"20220630","11180510",가산동
"20220630","11180520",독산1동
"20220630","11180530",독산2동
"20220630","11180540",독산3동
"20220630","11180550",독산4동
"20220630","11180570",시흥1동
"20220630","11180580",시흥2동
"20220630","11180590",시흥3동
"20220630","11180600",시흥4동
"20220630","11180610",시흥5동
"20220630","11190540",여의동
"20220630","11190550",당산1동
"20220630","11190560",당산2동
"20220630","11190610",양평1동
"20220630","11190620",양평2동
"20220630","11190630",신길1동
"20220630","11190650",신길3동
"20220630","11190660",신길4동
"20220630","11190670",신길5동
"20220630","11190680",신길6동
"20220630","11190690",신길7동
"20220630","11190700",대림1동
"20220630","11190710",대림2동
"20220630","11190720",대림3동
"20220630","11190730",영등포본동
"20220630","11190740",영등포동
"20220630","11190750",도림동
"20220630","11190760",문래동
"20220630","11200520",노량진2동
"20220630","11200530",상도1동
"20220630","11200540",상도2동
"20220630","11200550",상도3동
"20220630","11200560",상도4동
"20220630","11200630",사당1동
"20220630","11200650",사당3동
"20220630","11200660",사당4동
"20220630","11200670",사당5동
"20220630","11200680",대방동
"20220630","11200690",신대방1동
"20220630","11200700",신대방2동
"20220630","11200710",흑석동
"20220630","11200720",노량진1동
"20220630","11200730",사당2동
"20220630","11210520",보라매동
"20220630","11210540",청림동
"20220630","11210570",행운동
"20220630","11210580",낙성대동
"20220630","11210610",중앙동
"20220630","11210620",인헌동
"20220630","11210630",남현동
"20220630","11210640",서원동
"20220630","11210650",신원동
"20220630","11210660",서림동
"20220630","11210680",신사동
"20220630","11210690",신림동
"20220630","11210710",난향동
"20220630","11210720",조원동
"20220630","11210730",대학동
"20220630","11210780",은천동
"20220630","11210790",성현동
"20220630","11210800",청룡동
"20220630","11210810",난곡동
"20220630","11210820",삼성동
"20220630","11210830",미성동
"20220630","11220510",서초1동
"20220630","11220520",서초2동
"20220630","11220530",서초3동
"20220630","11220540",서초4동
"20220630","11220550",잠원동
"20220630","11220560",반포본동
"20220630","11220570",반포1동
"20220630","11220580",반포2동
"20220630","11220590",반포3동
"20220630","11220600",반포4동
"20220630","11220610",방배본동
"20220630","11220620",방배1동
"20220630","11220630",방배2동
"20220630","11220640",방배3동
"20220630","11220650",방배4동
"20220630","11220660",양재1동
"20220630","11220670",양재2동
"20220630","11220680",내곡동
"20220630","11230510",신사동
"20220630","11230520",논현1동
"20220630","11230530",논현2동
"20220630","11230580",삼성1동
"20220630","11230590",삼성2동
"20220630","11230600",대치1동
"20220630","11230630",대치4동
"20220630","11230640",역삼1동
"20220630","11230650",역삼2동
"20220630","11230660",도곡1동
"20220630","11230670",도곡2동
"20220630","11230680",개포1동
"20220630","11230710",개포4동
"20220630","11230720",일원본동
"20220630","11230730",일원1동
"20220630","11230740",일원2동
"20220630","11230750",수서동
"20220630","11230760",세곡동
"20220630","11230770",압구정동
"20220630","11230780",청담동
"20220630","11230790",대치2동
"20220630","11230800",개포2동
"20220630","11240510",풍납1동
"20220630","11240520",풍납2동
"20220630","11240530",거여1동
"20220630","11240540",거여2동
"20220630","11240550",마천1동
"20220630","11240560",마천2동
"20220630","11240570",방이1동
"20220630","11240580",방이2동
"20220630","11240590",오륜동
"20220630","11240600",오금동
"20220630","11240610",송파1동
"20220630","11240620",송파2동
"20220630","11240630",석촌동
"20220630","11240640",삼전동
"20220630","11240650",가락본동
"20220630","11240660",가락1동
"20220630","11240670",가락2동
"20220630","11240680",문정1동
"20220630","11240690",문정2동
"20220630","11240710",잠실본동
"20220630","11240750",잠실4동
"20220630","11240770",잠실6동
"20220630","11240780",잠실7동
"20220630","11240790",잠실2동
"20220630","11240800",잠실3동
"20220630","11240810",장지동
"20220630","11240820",위례동
"20220630","11250530",명일1동
"20220630","11250540",명일2동
"20220630","11250550",고덕1동
"20220630","11250560",고덕2동
"20220630","11250580",암사2동
"20220630","11250590",암사3동
"20220630","11250610",천호1동
"20220630","11250630",천호3동
"20220630","11250650",성내1동
"20220630","11250660",성내2동
"20220630","11250670",성내3동
"20220630","11250700",둔촌1동
"20220630","11250710",둔촌2동
"20220630","11250720",암사1동
"20220630","11250730",천호2동
"20220630","11250740",길동
"20220630","11250750",강일동
"20220630","11250760",상일1동
"20220630","11250770",상일2동
"20220630","21010510",중앙동
"20220630","21010520",동광동
"20220630","21010530",대청동
"20220630","21010540",보수동
"20220630","21010560",부평동
"20220630","21010570",광복동
"20220630","21010580",남포동
"20220630","21010590",영주1동
"20220630","21010600",영주2동
"20220630","21020510",동대신1동
"20220630","21020520",동대신2동
"20220630","21020530",동대신3동
"20220630","21020540",서대신1동
"20220630","21020560",서대신3동
"20220630","21020570",서대신4동
"20220630","21020590",부민동
"20220630","21020610",아미동
"20220630","21020630",초장동
"20220630","21020640",충무동
"20220630","21020650",남부민1동
"20220630","21020680",암남동
"20220630","21020690",남부민2동
"20220630","21030510",초량1동
"20220630","21030520",초량2동
"20220630","21030530",초량3동
"20220630","21030550",초량6동
"20220630","21030560",수정1동
"20220630","21030570",수정2동
"20220630","21030590",수정4동
"20220630","21030600",수정5동
"20220630","21030660",범일2동
"20220630","21030680",범일5동
"20220630","21030700",좌천동
"20220630","21030710",범일1동
"20220630","21040530",남항동
"20220630","21040540",영선1동
"20220630","21040550",영선2동
"20220630","21040590",봉래1동
"20220630","21040630",청학1동
"20220630","21040640",청학2동
"20220630","21040650",동삼1동
"20220630","21040660",동삼2동
"20220630","21040670",동삼3동
"20220630","21040680",신선동
"20220630","21040690",봉래2동
"20220630","21050520",부전2동
"20220630","21050540",연지동
"20220630","21050550",초읍동
"20220630","21050560",양정1동
"20220630","21050570",양정2동
"20220630","21050610",전포2동
"20220630","21050640",부암1동
"20220630","21050660",부암3동
"20220630","21050680",당감2동
"20220630","21050700",당감4동
"20220630","21050720",가야2동
"20220630","21050740",개금1동
"20220630","21050750",개금2동
"20220630","21050760",개금3동
"20220630","21050770",범천1동
"20220630","21050800",당감1동
"20220630","21050810",가야1동
"20220630","21050820",부전1동
"20220630","21050830",전포1동
"20220630","21050840",범천2동
"20220630","21060510",수민동
"20220630","21060520",복산동
"20220630","21060550",온천1동
"20220630","21060560",온천2동
"20220630","21060570",온천3동
"20220630","21060580",사직1동
"20220630","21060590",사직2동
"20220630","21060600",사직3동
"20220630","21060610",안락1동
"20220630","21060620",안락2동
"20220630","21060630",명장1동
"20220630","21060640",명장2동
"20220630","21060650",명륜동
"20220630","21070530",대연3동
"20220630","21070540",대연4동
"20220630","21070550",대연5동
"20220630","21070560",대연6동
"20220630","21070570",용호1동
"20220630","21070580",용호2동
"20220630","21070590",용호3동
"20220630","21070600",용호4동
"20220630","21070610",용당동
"20220630","21070620",감만1동
"20220630","21070630",감만2동
"20220630","21070660",문현1동
"20220630","21070670",문현2동
"20220630","21070680",문현3동
"20220630","21070690",문현4동
"20220630","21070700",대연1동
"20220630","21070710",우암동
"20220630","21080510",구포1동
"20220630","21080520",구포2동
"20220630","21080530",구포3동
"20220630","21080540",금곡동
"20220630","21080550",화명1동
"20220630","21080560",덕천1동
"20220630","21080570",덕천2동
"20220630","21080580",덕천3동
"20220630","21080590",만덕1동
"20220630","21080600",만덕2동
"20220630","21080610",만덕3동
"20220630","21080620",화명2동
"20220630","21080630",화명3동
"20220630","21090530",중1동
"20220630","21090540",중2동
"20220630","21090560",송정동
"20220630","21090580",반여2동
"20220630","21090590",반여3동
"20220630","21090620",반송2동
"20220630","21090640",재송1동
"20220630","21090650",재송2동
"20220630","21090660",좌1동
"20220630","21090670",좌2동
"20220630","21090680",좌3동
"20220630","21090690",좌4동
"20220630","21090700",반여1동
"20220630","21090710",반여4동
"20220630","21090720",반송1동
"20220630","21090730",우1동
"20220630","21090740",우2동
"20220630","21090750",우3동
"20220630","21100510",괴정1동
"20220630","21100520",괴정2동
"20220630","21100530",괴정3동
"20220630","21100540",괴정4동
"20220630","21100550",당리동
"20220630","21100560",하단1동
"20220630","21100570",하단2동
"20220630","21100580",신평1동
"20220630","21100590",신평2동
"20220630","21100600",장림1동
"20220630","21100610",장림2동
"20220630","21100620",다대1동
"20220630","21100630",다대2동
"20220630","21100640",구평동
"20220630","21100650",감천1동
"20220630","21100660",감천2동
"20220630","21110510",서1동
"20220630","21110520",서2동
"20220630","21110570",부곡1동
"20220630","21110580",부곡2동
"20220630","21110590",부곡3동
"20220630","21110600",부곡4동
"20220630","21110610",장전1동
"20220630","21110640",선두구동
"20220630","21110670",청룡노포동
"20220630","21110680",남산동
"20220630","21110690",구서1동
"20220630","21110700",구서2동
"20220630","21110710",금성동
"20220630","21110720",서3동
"20220630","21110730",금사회동동
"20220630","21110740",장전2동
"20220630","21120510",대저1동
"20220630","21120520",대저2동
"20220630","21120530",강동동
"20220630","21120550",가락동
"20220630","21120560",녹산동
"20220630","21120580",가덕도동
"20220630","21120590",명지1동
"20220630","21120600",명지2동
"20220630","21130510",거제1동
"20220630","21130520",거제2동
"20220630","21130530",거제3동
"20220630","21130540",거제4동
"20220630","21130550",연산1동
"20220630","21130560",연산2동
"20220630","21130570",연산3동
"20220630","21130580",연산4동
"20220630","21130590",연산5동
"20220630","21130600",연산6동
"20220630","21130620",연산8동
"20220630","21130630",연산9동
"20220630","21140510",남천1동
"20220630","21140520",남천2동
"20220630","21140530",수영동
"20220630","21140540",망미1동
"20220630","21140550",망미2동
"20220630","21140560",광안1동
"20220630","21140570",광안2동
"20220630","21140580",광안3동
"20220630","21140590",광안4동
"20220630","21140600",민락동
"20220630","21150510",삼락동
"20220630","21150520",모라1동
"20220630","21150540",모라3동
"20220630","21150550",덕포1동
"20220630","21150560",덕포2동
"20220630","21150570",괘법동
"20220630","21150600",주례1동
"20220630","21150610",주례2동
"20220630","21150620",주례3동
"20220630","21150630",학장동
"20220630","21150640",엄궁동
"20220630","21150650",감전동
"20220630","21510110",기장읍
"20220630","21510120",장안읍
"20220630","21510130",정관읍
"20220630","21510111",일광읍
"20220630","21510330",철마면
"20220630","22010540",삼덕동
"20220630","22010560",성내1동
"20220630","22010590",성내2동
"20220630","22010610",성내3동
"20220630","22010620",대신동
"20220630","22010640",남산1동
"20220630","22010650",남산2동
"20220630","22010660",남산3동
"20220630","22010670",남산4동
"20220630","22010680",대봉1동
"20220630","22010690",대봉2동
"20220630","22010700",동인동
"20220630","22020510",신암1동
"20220630","22020520",신암2동
"20220630","22020530",신암3동
"20220630","22020540",신암4동
"20220630","22020550",신암5동
"20220630","22020560",신천1·2동
"20220630","22020580",신천3동
"20220630","22020590",신천4동
"20220630","22020600",효목1동
"20220630","22020610",효목2동
"20220630","22020620",도평동
"20220630","22020630",불로·봉무동
"20220630","22020650",지저동
"20220630","22020660",동촌동
"20220630","22020680",방촌동
"20220630","22020690",해안동
"20220630","22020710",공산동
"20220630","22020730",안심1동
"20220630","22020740",안심2동
"20220630","22020760",안심3동
"20220630","22020770",안심4동
"20220630","22020780",혁신동
"20220630","22030510",내당1동
"20220630","22030520",내당2·3동
"20220630","22030530",내당4동
"20220630","22030540",비산1동
"20220630","22030550",비산2·3동
"20220630","22030560",비산4동
"20220630","22030570",비산5동
"20220630","22030580",비산6동
"20220630","22030590",비산7동
"20220630","22030600",평리1동
"20220630","22030610",평리2동
"20220630","22030620",평리3동
"20220630","22030630",평리4동
"20220630","22030640",평리5동
"20220630","22030650",평리6동
"20220630","22030660",상중이동
"20220630","22030680",원대동
"20220630","22040510",이천동
"20220630","22040530",봉덕1동
"20220630","22040540",봉덕2동
"20220630","22040550",봉덕3동
"20220630","22040560",대명1동
"20220630","22040570",대명2동
"20220630","22040580",대명3동
"20220630","22040590",대명4동
"20220630","22040600",대명5동
"20220630","22040610",대명6동
"20220630","22040640",대명9동
"20220630","22040650",대명10동
"20220630","22040660",대명11동
"20220630","22050510",고성동
"20220630","22050520",칠성동
"20220630","22050550",침산1동
"20220630","22050560",침산2동
"20220630","22050570",침산3동
"20220630","22050610",산격1동
"20220630","22050620",산격2동
"20220630","22050630",산격3동
"20220630","22050640",산격4동
"20220630","22050650",복현1동
"20220630","22050660",복현2동
"20220630","22050700",검단동
"20220630","22050710",무태조야동
"20220630","22050740",태전2동
"20220630","22050750",관문동
"20220630","22050760",읍내동
"20220630","22050770",관음동
"20220630","22050780",태전1동
"20220630","22050790",구암동
"20220630","22050810",노원동
"20220630","22050820",동천동
"20220630","22050830",국우동
"20220630","22050840",대현동
"20220630","22060510",범어1동
"20220630","22060520",범어2동
"20220630","22060530",범어3동
"20220630","22060540",범어4동
"20220630","22060550",만촌1동
"20220630","22060560",만촌2동
"20220630","22060570",만촌3동
"20220630","22060580",수성1가동
"20220630","22060590",수성2·3가동
"20220630","22060600",수성4가동
"20220630","22060610",황금1동
"20220630","22060620",황금2동
"20220630","22060630",중동
"20220630","22060640",상동
"20220630","22060650",파동
"20220630","22060660",두산동
"20220630","22060670",지산1동
"20220630","22060680",지산2동
"20220630","22060690",범물1동
"20220630","22060700",범물2동
"20220630","22060710",고산1동
"20220630","22060720",고산2동
"20220630","22060730",고산3동
"20220630","22070550",두류3동
"20220630","22070560",본리동
"20220630","22070570",감삼동
"20220630","22070580",죽전동
"20220630","22070590",장기동
"20220630","22070600",이곡1동
"20220630","22070610",신당동
"20220630","22070630",월성2동
"20220630","22070650",상인1동
"20220630","22070660",상인2동
"20220630","22070670",상인3동
"20220630","22070680",도원동
"20220630","22070690",송현1동
"20220630","22070700",송현2동
"20220630","22070710",본동
"20220630","22070720",용산1동
"20220630","22070730",용산2동
"20220630","22070740",이곡2동
"20220630","22070750",성당동
"20220630","22070760",두류1·2동
"20220630","22070770",월성1동
"20220630","22070780",진천동
"20220630","22070790",유천동
"20220630","22510110",화원읍
"20220630","22510120",논공읍
"20220630","22510130",다사읍
"20220630","22510140",유가읍
"20220630","22510150",옥포읍
"20220630","22510160",현풍읍
"20220630","22510310",가창면
"20220630","22510320",하빈면
"20220630","22510360",구지면
"20220630","23010520",연안동
"20220630","23010530",신포동
"20220630","23010540",신흥동
"20220630","23010560",도원동
"20220630","23010570",율목동
"20220630","23010580",동인천동
"20220630","23010630",용유동
"20220630","23010640",운서동
"20220630","23010650",영종동
"20220630","23010660",영종1동
"20220630","23010670",개항동
"20220630","23020510",만석동
"20220630","23020520",화수1·화평동
"20220630","23020530",화수2동
"20220630","23020550",송현1·2동
"20220630","23020570",송현3동
"20220630","23020580",송림1동
"20220630","23020590",송림2동
"20220630","23020600",송림3·5동
"20220630","23020610",송림4동
"20220630","23020630",송림6동
"20220630","23020640",금창동
"20220630","23040510",옥련1동
"20220630","23040520",선학동
"20220630","23040530",연수1동
"20220630","23040540",연수2동
"20220630","23040550",연수3동
"20220630","23040560",청학동
"20220630","23040570",동춘1동
"20220630","23040580",동춘2동
"20220630","23040590",동춘3동
"20220630","23040600",옥련2동
"20220630","23040640",송도1동
"20220630","23040650",송도3동
"20220630","23040660",송도2동
"20220630","23040680",송도4동
"20220630","23040690",송도5동
"20220630","23050510",구월1동
"20220630","23050520",구월2동
"20220630","23050530",구월3동
"20220630","23050540",구월4동
"20220630","23050550",간석1동
"20220630","23050560",간석2동
"20220630","23050570",간석3동
"20220630","23050580",간석4동
"20220630","23050590",만수1동
"20220630","23050600",만수2동
"20220630","23050610",만수3동
"20220630","23050620",만수4동
"20220630","23050630",만수5동
"20220630","23050640",만수6동
"20220630","23050670",남촌도림동
"20220630","23050720",논현1동
"20220630","23050730",논현2동
"20220630","23050740",논현고잔동
"20220630","23050750",장수서창동
"20220630","23050760",서창2동
"20220630","23060510",부평1동
"20220630","23060520",부평2동
"20220630","23060530",부평3동
"20220630","23060540",부평4동
"20220630","23060550",부평5동
"20220630","23060560",부평6동
"20220630","23060570",산곡1동
"20220630","23060580",산곡2동
"20220630","23060590",산곡3동
"20220630","23060600",산곡4동
"20220630","23060610",청천1동
"20220630","23060620",청천2동
"20220630","23060630",갈산1동
"20220630","23060640",갈산2동
"20220630","23060650",삼산1동
"20220630","23060660",부개1동
"20220630","23060670",부개2동
"20220630","23060680",부개3동
"20220630","23060690",일신동
"20220630","23060700",십정1동
"20220630","23060710",십정2동
"20220630","23060720",삼산2동
"20220630","23070510",효성1동
"20220630","23070520",효성2동
"20220630","23070530",계산1동
"20220630","23070540",계산2동
"20220630","23070550",계산3동
"20220630","23070560",작전1동
"20220630","23070570",작전2동
"20220630","23070580",작전서운동
"20220630","23070610",계양2동
"20220630","23070620",계산4동
"20220630","23070630",계양1동
"20220630","23070640",계양3동
"20220630","23080510",검암경서동
"20220630","23080530",연희동
"20220630","23080540",가정1동
"20220630","23080550",가정2동
"20220630","23080560",가정3동
"20220630","23080580",석남1동
"20220630","23080590",석남2동
"20220630","23080600",석남3동
"20220630","23080620",가좌1동
"20220630","23080630",가좌2동
"20220630","23080640",가좌3동
"20220630","23080650",가좌4동
"20220630","23080730",신현원창동
"20220630","23080740",청라1동
"20220630","23080780",청라2동
"20220630","23080790",청라3동
"20220630","23080800",검단동
"20220630","23080810",불로대곡동
"20220630","23080840",오류왕길동
"20220630","23080850",당하동
"20220630","23080860",마전동
"20220630","23080870",원당동
"20220630","23080880",아라동
"20220630","23090520",숭의2동
"20220630","23090540",숭의4동
"20220630","23090560",용현2동
"20220630","23090570",용현3동
"20220630","23090590",용현5동
"20220630","23090600",학익1동
"20220630","23090610",학익2동
"20220630","23090620",도화1동
"20220630","23090650",주안1동
"20220630","23090660",주안2동
"20220630","23090670",주안3동
"20220630","23090680",주안4동
"20220630","23090690",주안5동
"20220630","23090700",주안6동
"20220630","23090710",주안7동
"20220630","23090720",주안8동
"20220630","23090730",관교동
"20220630","23090740",문학동
"20220630","23090750",숭의1·3동
"20220630","23090760",용현1·4동
"20220630","23090770",도화2·3동
"20220630","23510110",강화읍
"20220630","23510310",선원면
"20220630","23510320",불은면
"20220630","23510330",길상면
"20220630","23510340",화도면
"20220630","23510350",양도면
"20220630","23510360",내가면
"20220630","23510370",하점면
"20220630","23510380",양사면
"20220630","23510390",송해면
"20220630","23510400",교동면
"20220630","23510410",삼산면
"20220630","23510420",서도면
"20220630","23520310",북도면
"20220630","23520320",연평면
"20220630","23520330",백령면
"20220630","23520340",대청면
"20220630","23520350",덕적면
"20220630","23520360",자월면
"20220630","23520370",영흥면
"20220630","24010510",충장동
"20220630","24010540",동명동
"20220630","24010560",계림1동
"20220630","24010580",계림2동
"20220630","24010590",산수1동
"20220630","24010610",산수2동
"20220630","24010620",지산1동
"20220630","24010630",지산2동
"20220630","24010640",서남동
"20220630","24010680",학동
"20220630","24010710",학운동
"20220630","24010720",지원1동
"20220630","24010730",지원2동
"20220630","24020510",양동
"20220630","24020530",양3동
"20220630","24020540",농성1동
"20220630","24020550",농성2동
"20220630","24020560",광천동
"20220630","24020570",유덕동
"20220630","24020580",상무1동
"20220630","24020590",상무2동
"20220630","24020600",화정1동
"20220630","24020610",화정2동
"20220630","24020620",화정3동
"20220630","24020630",화정4동
"20220630","24020640",서창동
"20220630","24020660",치평동
"20220630","24020670",풍암동
"20220630","24020680",금호1동
"20220630","24020690",금호2동
"20220630","24020700",동천동
"20220630","24030510",양림동
"20220630","24030520",방림1동
"20220630","24030530",방림2동
"20220630","24030540",사직동
"20220630","24030570",월산동
"20220630","24030600",월산4동
"20220630","24030610",월산5동
"20220630","24030620",백운1동
"20220630","24030630",백운2동
"20220630","24030640",주월1동
"20220630","24030650",주월2동
"20220630","24030670",송암동
"20220630","24030680",봉선1동
"20220630","24030690",봉선2동
"20220630","24030700",대촌동
"20220630","24030710",진월동
"20220630","24030720",효덕동
"20220630","24040510",중흥1동
"20220630","24040520",중흥2동
"20220630","24040530",중흥3동
"20220630","24040540",중앙동
"20220630","24040550",임동
"20220630","24040560",신안동
"20220630","24040570",용봉동
"20220630","24040580",운암1동
"20220630","24040590",운암2동
"20220630","24040600",운암3동
"20220630","24040610",동림동
"20220630","24040620",우산동
"20220630","24040630",풍향동
"20220630","24040640",문화동
"20220630","24040650",문흥1동
"20220630","24040660",문흥2동
"20220630","24040670",두암1동
"20220630","24040680",두암2동
"20220630","24040690",두암3동
"20220630","24040700",삼각동
"20220630","24040710",매곡동
"20220630","24040720",오치1동
"20220630","24040730",오치2동
"20220630","24040740",석곡동
"20220630","24040780",일곡동
"20220630","24040800",양산동
"20220630","24040810",건국동
"20220630","24040820",신용동
"20220630","24050510",송정1동
"20220630","24050520",송정2동
"20220630","24050540",도산동
"20220630","24050550",신흥동
"20220630","24050560",어룡동
"20220630","24050580",우산동
"20220630","24050590",월곡1동
"20220630","24050600",월곡2동
"20220630","24050610",비아동
"20220630","24050630",하남동
"20220630","24050640",임곡동
"20220630","24050650",동곡동
"20220630","24050660",평동
"20220630","24050670",삼도동
"20220630","24050680",본량동
"20220630","24050690",첨단1동
"20220630","24050700",첨단2동
"20220630","24050710",운남동
"20220630","24050730",신창동
"20220630","24050740",신가동
"20220630","24050750",수완동
"20220630","25010530",효동
"20220630","25010550",판암1동
"20220630","25010560",판암2동
"20220630","25010570",용운동
"20220630","25010600",자양동
"20220630","25010630",가양1동
"20220630","25010640",가양2동
"20220630","25010650",용전동
"20220630","25010680",홍도동
"20220630","25010730",대청동
"20220630","25010750",산내동
"20220630","25010760",중앙동
"20220630","25010770",신인동
"20220630","25010780",대동
"20220630","25010790",성남동
"20220630","25010800",삼성동
"20220630","25020510",은행선화동
"20220630","25020530",목동
"20220630","25020540",중촌동
"20220630","25020550",대흥동
"20220630","25020560",문창동
"20220630","25020570",석교동
"20220630","25020580",대사동
"20220630","25020590",부사동
"20220630","25020600",용두동
"20220630","25020620",오류동
"20220630","25020630",태평1동
"20220630","25020640",태평2동
"20220630","25020650",유천1동
"20220630","25020660",유천2동
"20220630","25020670",문화1동
"20220630","25020680",문화2동
"20220630","25020690",산성동
"20220630","25030510",복수동
"20220630","25030520",도마1동
"20220630","25030530",도마2동
"20220630","25030540",정림동
"20220630","25030550",변동
"20220630","25030560",용문동
"20220630","25030570",탄방동
"20220630","25030590",둔산1동
"20220630","25030600",둔산2동
"20220630","25030610",괴정동
"20220630","25030620",가장동
"20220630","25030630",내동
"20220630","25030640",갈마1동
"20220630","25030650",갈마2동
"20220630","25030660",월평1동
"20220630","25030670",월평2동
"20220630","25030680",월평3동
"20220630","25030690",만년동
"20220630","25030512",도안동
"20220630","25030710",기성동
"20220630","25030720",관저1동
"20220630","25030730",관저2동
"20220630","25030740",둔산3동
"20220630","25040540",온천2동
"20220630","25040550",신성동
"20220630","25040570",전민동
"20220630","25040590",노은1동
"20220630","25040610",구즉동
"20220630","25040630",관평동
"20220630","25040640",온천1동
"20220630","25040660",노은2동
"20220630","25040670",노은3동
"20220630","25040680",진잠동
"20220630","25040690",학하동
"20220630","25040700",상대동
"20220630","25040710",원신흥동
"20220630","25050510",오정동
"20220630","25050520",대화동
"20220630","25050530",회덕동
"20220630","25050540",비래동
"20220630","25050550",중리동
"20220630","25050560",법1동
"20220630","25050570",법2동
"20220630","25050580",신탄진동
"20220630","25050590",석봉동
"20220630","25050600",덕암동
"20220630","25050610",목상동
"20220630","25050620",송촌동
"20220630","26010510",학성동
"20220630","26010520",반구1동
"20220630","26010530",반구2동
"20220630","26010540",복산1동
"20220630","26010550",복산2동
"20220630","26010590",우정동
"20220630","26010600",태화동
"20220630","26010610",다운동
"20220630","26010620",병영1동
"20220630","26010630",병영2동
"20220630","26010640",약사동
"20220630","26010660",성안동
"20220630","26010670",중앙동
"20220630","26020510",신정1동
"20220630","26020520",신정2동
"20220630","26020530",신정3동
"20220630","26020540",신정4동
"20220630","26020550",신정5동
"20220630","26020560",달동
"20220630","26020570",삼산동
"20220630","26020580",삼호동
"20220630","26020590",무거동
"20220630","26020600",옥동
"20220630","26020610",야음장생포동
"20220630","26020620",대현동
"20220630","26020630",수암동
"20220630","26020640",선암동
"20220630","26030510",방어동
"20220630","26030520",일산동
"20220630","26030530",화정동
"20220630","26030540",대송동
"20220630","26030550",전하1동
"20220630","26030580",남목1동
"20220630","26030590",남목2동
"20220630","26030600",남목3동
"20220630","26030610",전하2동
"20220630","26040510",농소1동
"20220630","26040520",농소2동
"20220630","26040530",농소3동
"20220630","26040540",강동동
"20220630","26040560",효문동
"20220630","26040570",송정동
"20220630","26040580",양정동
"20220630","26040590",염포동
"20220630","26510110",온산읍
"20220630","26510120",언양읍
"20220630","26510130",온양읍
"20220630","26510140",범서읍
"20220630","26510150",청량읍
"20220630","26510160",삼남읍
"20220630","26510310",서생면
"20220630","26510340",웅촌면
"20220630","26510360",두동면
"20220630","26510370",두서면
"20220630","26510380",상북면
"20220630","26510400",삼동면
"20220630","29010110",조치원읍
"20220630","29010310",연기면
"20220630","29010320",연동면
"20220630","29010330",부강면
"20220630","29010340",금남면
"20220630","29010350",장군면
"20220630","29010360",연서면
"20220630","29010370",전의면
"20220630","29010380",전동면
"20220630","29010390",소정면
"20220630","29010560",종촌동
"20220630","29010590",아름동
"20220630","29010600",고운동
"20220630","29010610",한솔동
"20220630","29010640",대평동
"20220630","29010660",보람동
"20220630","29010670",새롬동
"20220630","29010680",다정동
"20220630","29010690",도담동
"20220630","29010700",해밀동
"20220630","29010710",소담동
"20220630","29010720",반곡동
"20220630","31011540",파장동
"20220630","31011550",율천동
"20220630","31011560",정자1동
"20220630","31011570",정자2동
"20220630","31011580",영화동
"20220630","31011590",송죽동
"20220630","31011600",조원1동
"20220630","31011610",연무동
"20220630","31011620",정자3동
"20220630","31011630",조원2동
"20220630","31012520",세류1동
"20220630","31012530",세류2동
"20220630","31012540",세류3동
"20220630","31012550",평동
"20220630","31012560",서둔동
"20220630","31012570",구운동
"20220630","31012600",권선1동
"20220630","31012610",곡선동
"20220630","31012620",입북동
"20220630","31012640",권선2동
"20220630","31012650",금곡동
"20220630","31012660",호매실동
"20220630","31013530",지동
"20220630","31013540",우만1동
"20220630","31013550",우만2동
"20220630","31013560",인계동
"20220630","31013670",매교동
"20220630","31013680",매산동
"20220630","31013690",고등동
"20220630","31013700",화서1동
"20220630","31013710",화서2동
"20220630","31013720",행궁동
"20220630","31014510",매탄1동
"20220630","31014520",매탄2동
"20220630","31014530",매탄3동
"20220630","31014540",매탄4동
"20220630","31014600",원천동
"20220630","31014620",광교1동
"20220630","31014630",광교2동
"20220630","31014640",영통1동
"20220630","31014650",영통2동
"20220630","31014660",영통3동
"20220630","31014670",망포1동
"20220630","31014680",망포2동
"20220630","31021510",신흥1동
"20220630","31021520",신흥2동
"20220630","31021530",신흥3동
"20220630","31021540",태평1동
"20220630","31021550",태평2동
"20220630","31021560",태평3동
"20220630","31021570",태평4동
"20220630","31021580",수진1동
"20220630","31021590",수진2동
"20220630","31021600",단대동
"20220630","31021610",산성동
"20220630","31021620",양지동
"20220630","31021640",신촌동
"20220630","31021650",고등동
"20220630","31021660",시흥동
"20220630","31021670",복정동
"20220630","31021680",위례동
"20220630","31022510",성남동
"20220630","31022530",금광1동
"20220630","31022540",금광2동
"20220630","31022550",은행1동
"20220630","31022560",은행2동
"20220630","31022570",상대원1동
"20220630","31022580",상대원2동
"20220630","31022590",상대원3동
"20220630","31022600",하대원동
"20220630","31022610",도촌동
"20220630","31022620",중앙동
"20220630","31023510",분당동
"20220630","31023520",수내3동
"20220630","31023530",수내1동
"20220630","31023540",수내2동
"20220630","31023550",정자2동
"20220630","31023560",정자3동
"20220630","31023580",서현1동
"20220630","31023590",서현2동
"20220630","31023600",이매1동
"20220630","31023610",이매2동
"20220630","31023620",야탑1동
"20220630","31023630",야탑3동
"20220630","31023640",야탑2동
"20220630","31023670",구미동
"20220630","31023680",운중동
"20220630","31023710",금곡동
"20220630","31023720",구미1동
"20220630","31023740",삼평동
"20220630","31023750",판교동
"20220630","31023760",백현동
"20220630","31023770",정자1동
"20220630","31023780",정자동
"20220630","31030520",의정부2동
"20220630","31030550",호원1동
"20220630","31030560",장암동
"20220630","31030570",신곡1동
"20220630","31030580",신곡2동
"20220630","31030590",송산1동
"20220630","31030600",자금동
"20220630","31030640",녹양동
"20220630","31030650",호원2동
"20220630","31030670",흥선동
"20220630","31030680",가능동
"20220630","31030690",의정부1동
"20220630","31030700",송산2동
"20220630","31030710",송산3동
"20220630","31041510",안양1동
"20220630","31041520",안양2동
"20220630","31041530",안양3동
"20220630","31041540",안양4동
"20220630","31041550",안양5동
"20220630","31041560",안양6동
"20220630","31041570",안양7동
"20220630","31041580",안양8동
"20220630","31041590",안양9동
"20220630","31041600",석수1동
"20220630","31041610",석수2동
"20220630","31041620",석수3동
"20220630","31041630",박달1동
"20220630","31041640",박달2동
"20220630","31042510",비산1동
"20220630","31042520",비산2동
"20220630","31042530",비산3동
"20220630","31042540",부흥동
"20220630","31042550",달안동
"20220630","31042560",관양1동
"20220630","31042570",관양2동
"20220630","31042580",부림동
"20220630","31042590",평촌동
"20220630","31042600",평안동
"20220630","31042610",귀인동
"20220630","31042620",호계1동
"20220630","31042630",호계2동
"20220630","31042640",호계3동
"20220630","31042650",범계동
"20220630","31042660",신촌동
"20220630","31042670",갈산동
"20220630","31050870",심곡동
"20220630","31050880",부천동
"20220630","31050890",중동
"20220630","31050900",신중동
"20220630","31050910",상동
"20220630","31050920",대산동
"20220630","31050930",소사본동
"20220630","31050940",범안동
"20220630","31050950",성곡동
"20220630","31050960",오정동
"20220630","31060510",광명1동
"20220630","31060520",광명2동
"20220630","31060530",광명3동
"20220630","31060540",광명4동
"20220630","31060550",광명5동
"20220630","31060560",광명6동
"20220630","31060570",광명7동
"20220630","31060580",철산1동
"20220630","31060590",철산2동
"20220630","31060600",철산3동
"20220630","31060610",철산4동
"20220630","31060620",하안1동
"20220630","31060630",하안2동
"20220630","31060640",하안3동
"20220630","31060650",하안4동
"20220630","31060660",소하1동
"20220630","31060680",학온동
"20220630","31060690",소하2동
"20220630","31060700",일직동
"20220630","31070110",팽성읍
"20220630","31070120",안중읍
"20220630","31070130",포승읍
"20220630","31070140",청북읍
"20220630","31070310",진위면
"20220630","31070320",서탄면
"20220630","31070330",고덕면
"20220630","31070340",오성면
"20220630","31070370",현덕면
"20220630","31070510",중앙동
"20220630","31070520",서정동
"20220630","31070530",송탄동
"20220630","31070550",지산동
"20220630","31070560",송북동
"20220630","31070570",신장1동
"20220630","31070580",신장2동
"20220630","31070590",신평동
"20220630","31070600",원평동
"20220630","31070610",통복동
"20220630","31070640",세교동
"20220630","31070650",비전2동
"20220630","31070660",용이동
"20220630","31070670",비전1동
"20220630","31070680",동삭동
"20220630","31070690",고덕동
"20220630","31080510",생연1동
"20220630","31080520",생연2동
"20220630","31080530",중앙동
"20220630","31080550",보산동
"20220630","31080560",불현동
"20220630","31080580",소요동
"20220630","31080600",상패동
"20220630","31080610",송내동
"20220630","31091510",일동
"20220630","31091540",본오1동
"20220630","31091550",본오2동
"20220630","31091560",본오3동
"20220630","31091570",부곡동
"20220630","31091580",월피동
"20220630","31091620",성포동
"20220630","31091710",반월동
"20220630","31091730",안산동
"20220630","31091740",이동
"20220630","31091760",사동
"20220630","31091770",사이동
"20220630","31091780",해양동
"20220630","31092590",와동
"20220630","31092660",초지동
"20220630","31092680",선부1동
"20220630","31092690",선부2동
"20220630","31092700",선부3동
"20220630","31092720",대부동
"20220630","31092730",호수동
"20220630","31092740",고잔동
"20220630","31092750",중앙동
"20220630","31092760",원곡동
"20220630","31092770",신길동
"20220630","31092780",백운동
"20220630","31101510",주교동
"20220630","31101520",원신동
"20220630","31101511",흥도동
"20220630","31101540",성사1동
"20220630","31101550",성사2동
"20220630","31101560",효자동
"20220630","31101580",창릉동
"20220630","31101590",고양동
"20220630","31101600",관산동
"20220630","31101610",능곡동
"20220630","31101620",화정1동
"20220630","31101630",화정2동
"20220630","31101640",행주동
"20220630","31101650",행신1동
"20220630","31101660",행신2동
"20220630","31101670",화전동
"20220630","31101680",대덕동
"20220630","31101515",행신4동
"20220630","31101512",삼송1동
"20220630","31103510",식사동
"20220630","31103512",중산2동
"20220630","31103530",정발산동
"20220630","31103540",풍산동
"20220630","31103550",백석1동
"20220630","31103560",마두1동
"20220630","31103570",마두2동
"20220630","31103580",장항1동
"20220630","31103590",장항2동
"20220630","31103600",고봉동
"20220630","31103610",백석2동
"20220630","31104510",일산1동
"20220630","31104520",일산2동
"20220630","31104530",일산3동
"20220630","31104512",탄현2동
"20220630","31104550",주엽1동
"20220630","31104560",주엽2동
"20220630","31104570",대화동
"20220630","31104580",송포동
"20220630","31104514",가좌동
"20220630","31110510",중앙동
"20220630","31110520",갈현동
"20220630","31110530",별양동
"20220630","31110540",부림동
"20220630","31110550",과천동
"20220630","31110560",문원동
"20220630","31120510",갈매동
"20220630","31120520",동구동
"20220630","31120530",인창동
"20220630","31120540",교문1동
"20220630","31120550",교문2동
"20220630","31120560",수택1동
"20220630","31120570",수택2동
"20220630","31120580",수택3동
"20220630","31130110",와부읍
"20220630","31130120",진접읍
"20220630","31130111",화도읍
"20220630","31130140",진건읍
"20220630","31130150",오남읍
"20220630","31130160",퇴계원읍
"20220630","31130310",별내면
"20220630","31130340",수동면
"20220630","31130350",조안면
"20220630","31130510",호평동
"20220630","31130520",평내동
"20220630","31130530",금곡동
"20220630","31130540",양정동
"20220630","31130570",별내동
"20220630","31130580",다산1동
"20220630","31130590",다산2동
"20220630","31140510",중앙동
"20220630","31140520",대원동
"20220630","31140530",남촌동
"20220630","31140540",신장동
"20220630","31140550",세마동
"20220630","31140560",초평동
"20220630","31150510",대야동
"20220630","31150520",신천동
"20220630","31150530",신현동
"20220630","31150540",은행동
"20220630","31150550",매화동
"20220630","31150560",목감동
"20220630","31150590",과림동
"20220630","31150610",정왕2동
"20220630","31150620",정왕3동
"20220630","31150640",정왕본동
"20220630","31150650",정왕1동
"20220630","31150670",능곡동
"20220630","31150680",군자동
"20220630","31150690",월곶동
"20220630","31150700",연성동
"20220630","31150710",장곡동
"20220630","31150720",정왕4동
"20220630","31150740",배곧1동
"20220630","31150750",배곧2동
"20220630","31160510",군포1동
"20220630","31160520",군포2동
"20220630","31160540",산본1동
"20220630","31160550",산본2동
"20220630","31160560",금정동
"20220630","31160570",재궁동
"20220630","31160580",오금동
"20220630","31160590",수리동
"20220630","31160600",궁내동
"20220630","31160610",광정동
"20220630","31160630",대야동
"20220630","31160640",송부동
"20220630","31170510",고천동
"20220630","31170520",부곡동
"20220630","31170530",오전동
"20220630","31170540",내손1동
"20220630","31170550",내손2동
"20220630","31170560",청계동
"20220630","31180510",천현동
"20220630","31180520",신장1동
"20220630","31180530",신장2동
"20220630","31180540",덕풍1동
"20220630","31180550",덕풍2동
"20220630","31180560",덕풍3동
"20220630","31180590",춘궁동
"20220630","31180600",초이동
"20220630","31180610",풍산동
"20220630","31180620",미사1동
"20220630","31180630",미사2동
"20220630","31180650",위례동
"20220630","31180660",감북동
"20220630","31180670",감일동
"20220630","31191110",포곡읍
"20220630","31191120",모현읍
"20220630","31191130",이동읍
"20220630","31191140",남사읍
"20220630","31191340",원삼면
"20220630","31191350",백암면
"20220630","31191360",양지면
"20220630","31191510",중앙동
"20220630","31191530",유림동
"20220630","31191540",동부동
"20220630","31191550",역북동
"20220630","31191560",삼가동
"20220630","31192520",구갈동
"20220630","31192540",기흥동
"20220630","31192550",서농동
"20220630","31192560",구성동
"20220630","31192570",마북동
"20220630","31192590",보정동
"20220630","31192600",상하동
"20220630","31192610",신갈동
"20220630","31192630",영덕1동
"20220630","31192640",영덕2동
"20220630","31192650",상갈동
"20220630","31192660",보라동
"20220630","31192670",동백1동
"20220630","31192680",동백2동
"20220630","31192690",동백3동
"20220630","31193510",풍덕천1동
"20220630","31193520",풍덕천2동
"20220630","31193530",신봉동
"20220630","31193550",죽전2동
"20220630","31193560",동천동
"20220630","31193580",상현2동
"20220630","31193590",성복동
"20220630","31193600",죽전1동
"20220630","31193610",죽전3동
"20220630","31193620",상현1동
"20220630","31193630",상현3동
"20220630","31200110",문산읍
"20220630","31200120",파주읍
"20220630","31200130",법원읍
"20220630","31200150",조리읍
"20220630","31200310",월롱면
"20220630","31200320",탄현면
"20220630","31200350",광탄면
"20220630","31200360",파평면
"20220630","31200370",적성면
"20220630","31200390",장단면
"20220630","31200520",금촌2동
"20220630","31200530",금촌1동
"20220630","31200540",금촌3동
"20220630","31200550",교하동
"20220630","31200560",운정1동
"20220630","31200570",운정2동
"20220630","31200580",운정3동
"20220630","31210110",장호원읍
"20220630","31210120",부발읍
"20220630","31210310",신둔면
"20220630","31210320",백사면
"20220630","31210330",호법면
"20220630","31210340",마장면
"20220630","31210350",대월면
"20220630","31210360",모가면
"20220630","31210370",설성면
"20220630","31210380",율면
"20220630","31210510",창전동
"20220630","31210520",중리동
"20220630","31210530",관고동
"20220630","31210540",증포동
"20220630","31220110",공도읍
"20220630","31220310",보개면
"20220630","31220320",금광면
"20220630","31220330",서운면
"20220630","31220340",미양면
"20220630","31220350",대덕면
"20220630","31220360",양성면
"20220630","31220380",원곡면
"20220630","31220390",일죽면
"20220630","31220400",죽산면
"20220630","31220410",삼죽면
"20220630","31220420",고삼면
"20220630","31220510",안성1동
"20220630","31220520",안성2동
"20220630","31220530",안성3동
"20220630","31230110",통진읍
"20220630","31230120",고촌읍
"20220630","31230130",양촌읍
"20220630","31230340",대곶면
"20220630","31230350",월곶면
"20220630","31230360",하성면
"20220630","31230530",사우동
"20220630","31230540",풍무동
"20220630","31230560",장기동
"20220630","31230600",운양동
"20220630","31230610",김포본동
"20220630","31230620",장기본동
"20220630","31230630",구래동
"20220630","31230640",마산동
"20220630","31240120",봉담읍
"20220630","31240130",우정읍
"20220630","31240140",향남읍
"20220630","31240150",남양읍
"20220630","31240310",매송면
"20220630","31240330",비봉면
"20220630","31240350",마도면
"20220630","31240360",송산면
"20220630","31240370",서신면
"20220630","31240380",팔탄면
"20220630","31240390",장안면
"20220630","31240420",양감면
"20220630","31240430",정남면
"20220630","31240520",진안동
"20220630","31240530",병점1동
"20220630","31240540",병점2동
"20220630","31240550",반월동
"20220630","31240560",기배동
"20220630","31240570",화산동
"20220630","31240600",동탄2동
"20220630","31240610",동탄1동
"20220630","31240620",동탄3동
"20220630","31240640",동탄4동
"20220630","31240650",동탄5동
"20220630","31240670",새솔동
"20220630","31240690",동탄7동
"20220630","31240700",동탄6동
"20220630","31240710",동탄8동
"20220630","31250110",오포읍
"20220630","31250120",초월읍
"20220630","31250140",곤지암읍
"20220630","31250340",도척면
"20220630","31250350",퇴촌면
"20220630","31250360",남종면
"20220630","31250380",남한산성면
"20220630","31250540",경안동
"20220630","31250550",송정동
"20220630","31250560",쌍령동
"20220630","31250570",탄벌동
"20220630","31250580",광남1동
"20220630","31250590",광남2동
"20220630","31260110",백석읍
"20220630","31260310",은현면
"20220630","31260320",남면
"20220630","31260330",광적면
"20220630","31260340",장흥면
"20220630","31260510",양주1동
"20220630","31260520",양주2동
"20220630","31260530",회천1동
"20220630","31260540",회천2동
"20220630","31260550",회천3동
"20220630","31260560",회천4동
"20220630","31270110",소흘읍
"20220630","31270310",군내면
"20220630","31270320",내촌면
"20220630","31270330",가산면
"20220630","31270340",신북면
"20220630","31270350",창수면
"20220630","31270360",영중면
"20220630","31270370",일동면
"20220630","31270380",이동면
"20220630","31270390",영북면
"20220630","31270400",관인면
"20220630","31270410",화현면
"20220630","31270510",포천동
"20220630","31270520",선단동
"20220630","31280110",가남읍
"20220630","31280310",점동면
"20220630","31280330",흥천면
"20220630","31280340",금사면
"20220630","31280350",산북면
"20220630","31280360",대신면
"20220630","31280370",북내면
"20220630","31280380",강천면
"20220630","31280390",세종대왕면
"20220630","31280510",여흥동
"20220630","31280520",중앙동
"20220630","31280530",오학동
"20220630","31550110",연천읍
"20220630","31550120",전곡읍
"20220630","31550310",군남면
"20220630","31550320",청산면
"20220630","31550330",백학면
"20220630","31550340",미산면
"20220630","31550350",왕징면
"20220630","31550360",신서면
"20220630","31550370",중면
"20220630","31550380",장남면
"20220630","31570110",가평읍
"20220630","31570310",설악면
"20220630","31570320",청평면
"20220630","31570330",상면
"20220630","31570350",북면
"20220630","31570360",조종면
"20220630","31580110",양평읍
"20220630","31580310",강상면
"20220630","31580320",강하면
"20220630","31580330",양서면
"20220630","31580340",옥천면
"20220630","31580350",서종면
"20220630","31580360",단월면
"20220630","31580370",청운면
"20220630","31580380",양동면
"20220630","31580390",지평면
"20220630","31580400",용문면
"20220630","31580410",개군면
"20220630","32010110",신북읍
"20220630","32010310",동면
"20220630","32010320",동산면
"20220630","32010330",신동면
"20220630","32010340",동내면
"20220630","32010350",남면
"20220630","32010360",남산면
"20220630","32010370",서면
"20220630","32010380",사북면
"20220630","32010390",북산면
"20220630","32010520",교동
"20220630","32010530",조운동
"20220630","32010540",약사명동
"20220630","32010570",근화동
"20220630","32010580",소양동
"20220630","32010600",후평1동
"20220630","32010610",후평2동
"20220630","32010620",후평3동
"20220630","32010630",효자1동
"20220630","32010640",효자2동
"20220630","32010650",효자3동
"20220630","32010660",석사동
"20220630","32010670",퇴계동
"20220630","32010680",강남동
"20220630","32010710",신사우동
"20220630","32020110",문막읍
"20220630","32020310",소초면
"20220630","32020320",호저면
"20220630","32020330",지정면
"20220630","32020340",부론면
"20220630","32020350",귀래면
"20220630","32020360",흥업면
"20220630","32020370",판부면
"20220630","32020380",신림면
"20220630","32020510",중앙동
"20220630","32020520",원인동
"20220630","32020530",개운동
"20220630","32020540",명륜1동
"20220630","32020550",명륜2동
"20220630","32020560",단구동
"20220630","32020570",일산동
"20220630","32020580",학성동
"20220630","32020600",단계동
"20220630","32020610",우산동
"20220630","32020620",태장1동
"20220630","32020630",태장2동
"20220630","32020640",봉산동
"20220630","32020660",행구동
"20220630","32020670",무실동
"20220630","32020680",반곡관설동
"20220630","32030110",주문진읍
"20220630","32030310",성산면
"20220630","32030320",왕산면
"20220630","32030330",구정면
"20220630","32030340",강동면
"20220630","32030350",옥계면
"20220630","32030360",사천면
"20220630","32030370",연곡면
"20220630","32030510",홍제동
"20220630","32030520",중앙동
"20220630","32030540",옥천동
"20220630","32030550",교1동
"20220630","32030560",교2동
"20220630","32030570",포남1동
"20220630","32030580",포남2동
"20220630","32030590",초당동
"20220630","32030600",송정동
"20220630","32030610",내곡동
"20220630","32030620",강남동
"20220630","32030650",성덕동
"20220630","32030670",경포동
"20220630","32040510",천곡동
"20220630","32040520",송정동
"20220630","32040530",북삼동
"20220630","32040540",부곡동
"20220630","32040550",동호동
"20220630","32040570",발한동
"20220630","32040590",묵호동
"20220630","32040600",북평동
"20220630","32040630",망상동
"20220630","32040650",삼화동
"20220630","32050510",황지동
"20220630","32050520",황연동
"20220630","32050530",삼수동
"20220630","32050540",상장동
"20220630","32050550",구문소동
"20220630","32050560",장성동
"20220630","32050580",철암동
"20220630","32050620",문곡소도동
"20220630","32060510",영랑동
"20220630","32060520",동명동
"20220630","32060540",금호동
"20220630","32060560",교동
"20220630","32060570",노학동
"20220630","32060580",조양동
"20220630","32060590",청호동
"20220630","32060600",대포동
"20220630","32070110",도계읍
"20220630","32070120",원덕읍
"20220630","32070310",근덕면
"20220630","32070320",하장면
"20220630","32070330",노곡면
"20220630","32070340",미로면
"20220630","32070350",가곡면
"20220630","32070360",신기면
"20220630","32070510",남양동
"20220630","32070520",성내동
"20220630","32070530",교동
"20220630","32070540",정라동
"20220630","32510110",홍천읍
"20220630","32510310",화촌면
"20220630","32510320",두촌면
"20220630","32510330",내촌면
"20220630","32510340",서석면
"20220630","32510360",남면
"20220630","32510370",서면
"20220630","32510380",북방면
"20220630","32510390",내면
"20220630","32510400",영귀미면
"20220630","32520110",횡성읍
"20220630","32520310",우천면
"20220630","32520320",안흥면
"20220630","32520330",둔내면
"20220630","32520340",갑천면
"20220630","32520350",청일면
"20220630","32520360",공근면
"20220630","32520370",서원면
"20220630","32520380",강림면
"20220630","32530110",영월읍
"20220630","32530120",상동읍
"20220630","32530330",북면
"20220630","32530340",남면
"20220630","32530360",주천면
"20220630","32530380",김삿갓면
"20220630","32530390",한반도면
"20220630","32530400",무릉도원면
"20220630","32530410",산솔면
"20220630","32540110",평창읍
"20220630","32540310",미탄면
"20220630","32540320",방림면
"20220630","32540330",대화면
"20220630","32540340",봉평면
"20220630","32540350",용평면
"20220630","32540360",진부면
"20220630","32540370",대관령면
"20220630","32550110",정선읍
"20220630","32550120",고한읍
"20220630","32550130",사북읍
"20220630","32550140",신동읍
"20220630","32550320",남면
"20220630","32550340",북평면
"20220630","32550350",임계면
"20220630","32550360",화암면
"20220630","32550370",여량면
"20220630","32560110",철원읍
"20220630","32560120",김화읍
"20220630","32560130",갈말읍
"20220630","32560140",동송읍
"20220630","32560210",근북면
"20220630","32560260",근동면
"20220630","32560270",원동면
"20220630","32560280",원남면
"20220630","32560290",임남면
"20220630","32560310",서면
"20220630","32560320",근남면
"20220630","32570110",화천읍
"20220630","32570310",간동면
"20220630","32570320",하남면
"20220630","32570330",상서면
"20220630","32570340",사내면
"20220630","32580110",양구읍
"20220630","32580320",동면
"20220630","32580330",방산면
"20220630","32580340",해안면
"20220630","32580350",국토정중앙면
"20220630","32590110",인제읍
"20220630","32590310",남면
"20220630","32590320",북면
"20220630","32590330",기린면
"20220630","32590340",서화면
"20220630","32590350",상남면
"20220630","32600110",간성읍
"20220630","32600120",거진읍
"20220630","32600260",수동면
"20220630","32600310",현내면
"20220630","32600320",죽왕면
"20220630","32600330",토성면
"20220630","32610110",양양읍
"20220630","32610310",서면
"20220630","32610320",손양면
"20220630","32610330",현북면
"20220630","32610340",현남면
"20220630","32610350",강현면
"20220630","33020110",주덕읍
"20220630","33020310",살미면
"20220630","33020320",수안보면
"20220630","33020340",신니면
"20220630","33020350",노은면
"20220630","33020360",앙성면
"20220630","33020380",금가면
"20220630","33020390",동량면
"20220630","33020400",산척면
"20220630","33020410",엄정면
"20220630","33020420",소태면
"20220630","33020430",대소원면
"20220630","33020440",중앙탑면
"20220630","33020510",성내·충인동
"20220630","33020530",교현·안림동
"20220630","33020540",교현2동
"20220630","33020550",용산동
"20220630","33020560",지현동
"20220630","33020570",문화동
"20220630","33020580",호암·직동
"20220630","33020600",달천동
"20220630","33020610",봉방동
"20220630","33020620",칠금·금릉동
"20220630","33020630",연수동
"20220630","33020640",목행·용탄동
"20220630","33030110",봉양읍
"20220630","33030310",금성면
"20220630","33030320",청풍면
"20220630","33030330",수산면
"20220630","33030340",덕산면
"20220630","33030350",한수면
"20220630","33030360",백운면
"20220630","33030370",송학면
"20220630","33030510",교동
"20220630","33030560",용두동
"20220630","33030590",청전동
"20220630","33030600",화산동
"20220630","33030700",남현동
"20220630","33030710",영서동
"20220630","33030720",신백동
"20220630","33030730",의림지동
"20220630","33030740",중앙동
"20220630","33041310",낭성면
"20220630","33041320",미원면
"20220630","33041330",가덕면
"20220630","33041340",남일면
"20220630","33041350",문의면
"20220630","33041510",중앙동
"20220630","33041520",성안동
"20220630","33041530",탑·대성동
"20220630","33041540",영운동
"20220630","33041550",금천동
"20220630","33041560",용담·명암·산성동
"20220630","33041570",용암1동
"20220630","33041580",용암2동
"20220630","33042310",남이면
"20220630","33042320",현도면
"20220630","33042510",사직1동
"20220630","33042520",사직2동
"20220630","33042530",사창동
"20220630","33042540",모충동
"20220630","33042550",산남동
"20220630","33042560",분평동
"20220630","33042570",수곡1동
"20220630","33042580",수곡2동
"20220630","33042590",성화·개신·죽림동
"20220630","33043110",오송읍
"20220630","33043310",강내면
"20220630","33043320",옥산면
"20220630","33043510",운천·신봉동
"20220630","33043520",복대1동
"20220630","33043530",복대2동
"20220630","33043540",가경동
"20220630","33043550",봉명1동
"20220630","33043560",봉명2·송정동
"20220630","33043570",강서1동
"20220630","33043580",강서2동
"20220630","33044110",내수읍
"20220630","33044120",오창읍
"20220630","33044310",북이면
"20220630","33044510",오근장동
"20220630","33044520",우암동
"20220630","33044530",내덕1동
"20220630","33044540",내덕2동
"20220630","33044550",율량·사천동
"20220630","33520110",보은읍
"20220630","33520310",속리산면
"20220630","33520320",장안면
"20220630","33520330",마로면
"20220630","33520340",탄부면
"20220630","33520350",삼승면
"20220630","33520360",수한면
"20220630","33520370",회남면
"20220630","33520380",회인면
"20220630","33520390",내북면
"20220630","33520400",산외면
"20220630","33530110",옥천읍
"20220630","33530310",동이면
"20220630","33530320",안남면
"20220630","33530330",안내면
"20220630","33530340",청성면
"20220630","33530350",청산면
"20220630","33530360",이원면
"20220630","33530370",군서면
"20220630","33530380",군북면
"20220630","33540110",영동읍
"20220630","33540310",용산면
"20220630","33540320",황간면
"20220630","33540330",추풍령면
"20220630","33540340",매곡면
"20220630","33540350",상촌면
"20220630","33540360",양강면
"20220630","33540370",용화면
"20220630","33540380",학산면
"20220630","33540390",양산면
"20220630","33540400",심천면
"20220630","33550110",진천읍
"20220630","33550120",덕산읍
"20220630","33550320",초평면
"20220630","33550330",문백면
"20220630","33550340",백곡면
"20220630","33550350",이월면
"20220630","33550360",광혜원면
"20220630","33560110",괴산읍
"20220630","33560310",감물면
"20220630","33560320",장연면
"20220630","33560330",연풍면
"20220630","33560340",칠성면
"20220630","33560350",문광면
"20220630","33560360",청천면
"20220630","33560370",청안면
"20220630","33560380",사리면
"20220630","33560390",소수면
"20220630","33560400",불정면
"20220630","33570110",음성읍
"20220630","33570120",금왕읍
"20220630","33570310",소이면
"20220630","33570320",원남면
"20220630","33570330",맹동면
"20220630","33570340",대소면
"20220630","33570350",삼성면
"20220630","33570360",생극면
"20220630","33570370",감곡면
"20220630","33580110",단양읍
"20220630","33580120",매포읍
"20220630","33580310",단성면
"20220630","33580320",대강면
"20220630","33580330",가곡면
"20220630","33580340",영춘면
"20220630","33580350",어상천면
"20220630","33580360",적성면
"20220630","33590140",증평읍
"20220630","33590310",도안면
"20220630","34011110",목천읍
"20220630","34011310",풍세면
"20220630","34011320",광덕면
"20220630","34011330",북면
"20220630","34011340",성남면
"20220630","34011350",수신면
"20220630","34011360",병천면
"20220630","34011370",동면
"20220630","34011510",중앙동
"20220630","34011520",문성동
"20220630","34011530",원성1동
"20220630","34011540",원성2동
"20220630","34011550",봉명동
"20220630","34011560",일봉동
"20220630","34011570",신방동
"20220630","34011580",청룡동
"20220630","34011590",신안동
"20220630","34012110",성환읍
"20220630","34012120",성거읍
"20220630","34012130",직산읍
"20220630","34012310",입장면
"20220630","34012510",성정1동
"20220630","34012520",성정2동
"20220630","34012530",쌍용1동
"20220630","34012540",쌍용2동
"20220630","34012550",쌍용3동
"20220630","34012580",백석동
"20220630","34012600",부성1동
"20220630","34012610",부성2동
"20220630","34012620",불당1동
"20220630","34012630",불당2동
"20220630","34020110",유구읍
"20220630","34020310",이인면
"20220630","34020320",탄천면
"20220630","34020330",계룡면
"20220630","34020340",반포면
"20220630","34020360",의당면
"20220630","34020370",정안면
"20220630","34020380",우성면
"20220630","34020390",사곡면
"20220630","34020400",신풍면
"20220630","34020510",중학동
"20220630","34020550",금학동
"20220630","34020560",옥룡동
"20220630","34020570",신관동
"20220630","34020580",웅진동
"20220630","34020590",월송동
"20220630","34030110",웅천읍
"20220630","34030310",주포면
"20220630","34030320",주교면
"20220630","34030330",오천면
"20220630","34030340",천북면
"20220630","34030350",청소면
"20220630","34030360",청라면
"20220630","34030370",남포면
"20220630","34030380",주산면
"20220630","34030390",미산면
"20220630","34030400",성주면
"20220630","34030510",대천1동
"20220630","34030520",대천2동
"20220630","34030530",대천3동
"20220630","34030540",대천4동
"20220630","34030560",대천5동
"20220630","34040110",염치읍
"20220630","34040120",배방읍
"20220630","34040310",송악면
"20220630","34040330",탕정면
"20220630","34040340",음봉면
"20220630","34040350",둔포면
"20220630","34040360",영인면
"20220630","34040370",인주면
"20220630","34040380",선장면
"20220630","34040390",도고면
"20220630","34040400",신창면
"20220630","34040510",온양1동
"20220630","34040520",온양2동
"20220630","34040530",온양3동
"20220630","34040540",온양4동
"20220630","34040550",온양5동
"20220630","34040560",온양6동
"20220630","34050110",대산읍
"20220630","34050310",인지면
"20220630","34050320",부석면
"20220630","34050330",팔봉면
"20220630","34050340",지곡면
"20220630","34050350",성연면
"20220630","34050360",음암면
"20220630","34050370",운산면
"20220630","34050380",해미면
"20220630","34050390",고북면
"20220630","34050510",부춘동
"20220630","34050520",동문1동
"20220630","34050530",동문2동
"20220630","34050540",수석동
"20220630","34050550",석남동
"20220630","34060110",강경읍
"20220630","34060120",연무읍
"20220630","34060310",성동면
"20220630","34060320",광석면
"20220630","34060330",노성면
"20220630","34060340",상월면
"20220630","34060350",부적면
"20220630","34060360",연산면
"20220630","34060370",벌곡면
"20220630","34060380",양촌면
"20220630","34060390",가야곡면
"20220630","34060400",은진면
"20220630","34060410",채운면
"20220630","34060510",취암동
"20220630","34060520",부창동
"20220630","34070310",두마면
"20220630","34070330",엄사면
"20220630","34070340",신도안면
"20220630","34070510",금암동
"20220630","34080110",합덕읍
"20220630","34080120",송악읍
"20220630","34080310",고대면
"20220630","34080320",석문면
"20220630","34080330",대호지면
"20220630","34080340",정미면
"20220630","34080350",면천면
"20220630","34080360",순성면
"20220630","34080370",우강면
"20220630","34080380",신평면
"20220630","34080390",송산면
"20220630","34080510",당진1동
"20220630","34080520",당진2동
"20220630","34080530",당진3동
"20220630","34510110",금산읍
"20220630","34510310",금성면
"20220630","34510320",제원면
"20220630","34510330",부리면
"20220630","34510340",군북면
"20220630","34510350",남일면
"20220630","34510360",남이면
"20220630","34510370",진산면
"20220630","34510380",복수면
"20220630","34510390",추부면
"20220630","34530110",부여읍
"20220630","34530310",규암면
"20220630","34530320",은산면
"20220630","34530330",외산면
"20220630","34530340",내산면
"20220630","34530350",구룡면
"20220630","34530360",홍산면
"20220630","34530370",옥산면
"20220630","34530380",남면
"20220630","34530390",충화면
"20220630","34530400",양화면
"20220630","34530410",임천면
"20220630","34530420",장암면
"20220630","34530430",세도면
"20220630","34530440",석성면
"20220630","34530450",초촌면
"20220630","34540110",장항읍
"20220630","34540120",서천읍
"20220630","34540310",마서면
"20220630","34540320",화양면
"20220630","34540330",기산면
"20220630","34540340",한산면
"20220630","34540350",마산면
"20220630","34540360",시초면
"20220630","34540370",문산면
"20220630","34540380",판교면
"20220630","34540390",종천면
"20220630","34540400",비인면
"20220630","34540410",서면
"20220630","34550110",청양읍
"20220630","34550310",운곡면
"20220630","34550320",대치면
"20220630","34550330",정산면
"20220630","34550340",목면
"20220630","34550350",청남면
"20220630","34550360",장평면
"20220630","34550370",남양면
"20220630","34550380",화성면
"20220630","34550390",비봉면
"20220630","34560110",홍성읍
"20220630","34560120",광천읍
"20220630","34560130",홍북읍
"20220630","34560320",금마면
"20220630","34560330",홍동면
"20220630","34560340",장곡면
"20220630","34560350",은하면
"20220630","34560360",결성면
"20220630","34560370",서부면
"20220630","34560380",갈산면
"20220630","34560390",구항면
"20220630","34570110",예산읍
"20220630","34570120",삽교읍
"20220630","34570310",대술면
"20220630","34570320",신양면
"20220630","34570330",광시면
"20220630","34570340",대흥면
"20220630","34570350",응봉면
"20220630","34570360",덕산면
"20220630","34570370",봉산면
"20220630","34570380",고덕면
"20220630","34570390",신암면
"20220630","34570400",오가면
"20220630","34580110",태안읍
"20220630","34580120",안면읍
"20220630","34580310",고남면
"20220630","34580320",남면
"20220630","34580330",근흥면
"20220630","34580340",소원면
"20220630","34580350",원북면
"20220630","34580360",이원면
"20220630","35011600",동서학동
"20220630","35011610",서서학동
"20220630","35011620",중화산1동
"20220630","35011630",중화산2동
"20220630","35011640",평화1동
"20220630","35011650",평화2동
"20220630","35011660",서신동
"20220630","35011670",삼천1동
"20220630","35011680",삼천2동
"20220630","35011690",삼천3동
"20220630","35011700",효자1동
"20220630","35011710",효자2동
"20220630","35011720",효자3동
"20220630","35011740",중앙동
"20220630","35011750",풍남동
"20220630","35011760",노송동
"20220630","35011770",완산동
"20220630","35011780",효자4동
"20220630","35011790",효자5동
"20220630","35012540",인후1동
"20220630","35012550",인후2동
"20220630","35012560",인후3동
"20220630","35012570",덕진동
"20220630","35012580",금암1동
"20220630","35012590",금암2동
"20220630","35012600",팔복동
"20220630","35012610",우아1동
"20220630","35012620",우아2동
"20220630","35012630",호성동
"20220630","35012650",송천1동
"20220630","35012660",송천2동
"20220630","35012670",조촌동
"20220630","35012690",진북동
"20220630","35012700",혁신동
"20220630","35012710",여의동
"20220630","35020110",옥구읍
"20220630","35020310",옥산면
"20220630","35020320",회현면
"20220630","35020330",임피면
"20220630","35020340",서수면
"20220630","35020350",대야면
"20220630","35020360",개정면
"20220630","35020370",성산면
"20220630","35020380",나포면
"20220630","35020390",옥도면
"20220630","35020400",옥서면
"20220630","35020510",해신동
"20220630","35020530",월명동
"20220630","35020550",신풍동
"20220630","35020560",삼학동
"20220630","35020600",중앙동
"20220630","35020640",흥남동
"20220630","35020650",조촌동
"20220630","35020660",경암동
"20220630","35020670",구암동
"20220630","35020680",개정동
"20220630","35020690",수송동
"20220630","35020700",나운1동
"20220630","35020710",나운2동
"20220630","35020720",소룡동
"20220630","35020730",미성동
"20220630","35020740",나운3동
"20220630","35030110",함열읍
"20220630","35030310",오산면
"20220630","35030320",황등면
"20220630","35030330",함라면
"20220630","35030340",웅포면
"20220630","35030350",성당면
"20220630","35030360",용안면
"20220630","35030370",낭산면
"20220630","35030380",망성면
"20220630","35030390",여산면
"20220630","35030400",금마면
"20220630","35030410",왕궁면
"20220630","35030420",춘포면
"20220630","35030430",삼기면
"20220630","35030440",용동면
"20220630","35030510",중앙동
"20220630","35030530",평화동
"20220630","35030550",인화동
"20220630","35030570",동산동
"20220630","35030580",마동
"20220630","35030590",남중동
"20220630","35030610",모현동
"20220630","35030620",송학동
"20220630","35030650",신동
"20220630","35030660",영등1동
"20220630","35030690",팔봉동
"20220630","35030700",삼성동
"20220630","35030710",영등2동
"20220630","35030720",어양동
"20220630","35040110",신태인읍
"20220630","35040310",북면
"20220630","35040320",입암면
"20220630","35040330",소성면
"20220630","35040340",고부면
"20220630","35040350",영원면
"20220630","35040360",덕천면
"20220630","35040370",이평면
"20220630","35040380",정우면
"20220630","35040390",태인면
"20220630","35040400",감곡면
"20220630","35040410",옹동면
"20220630","35040420",칠보면
"20220630","35040430",산내면
"20220630","35040440",산외면
"20220630","35040510",수성동
"20220630","35040520",장명동
"20220630","35040530",내장상동
"20220630","35040540",시기동
"20220630","35040570",연지동
"20220630","35040580",농소동
"20220630","35040590",상교동
"20220630","35040600",초산동
"20220630","35050110",운봉읍
"20220630","35050310",주천면
"20220630","35050320",수지면
"20220630","35050330",송동면
"20220630","35050340",주생면
"20220630","35050350",금지면
"20220630","35050360",대강면
"20220630","35050370",대산면
"20220630","35050380",사매면
"20220630","35050390",덕과면
"20220630","35050400",보절면
"20220630","35050410",산동면
"20220630","35050420",이백면
"20220630","35050430",인월면
"20220630","35050440",아영면
"20220630","35050450",산내면
"20220630","35050510",동충동
"20220630","35050520",죽항동
"20220630","35050540",노암동
"20220630","35050550",금동
"20220630","35050560",왕정동
"20220630","35050570",향교동
"20220630","35050590",도통동
"20220630","35060110",만경읍
"20220630","35060310",죽산면
"20220630","35060320",백산면
"20220630","35060330",용지면
"20220630","35060340",백구면
"20220630","35060350",부량면
"20220630","35060360",공덕면
"20220630","35060370",청하면
"20220630","35060380",성덕면
"20220630","35060390",진봉면
"20220630","35060400",금구면
"20220630","35060410",봉남면
"20220630","35060420",황산면
"20220630","35060430",금산면
"20220630","35060440",광활면
"20220630","35060510",요촌동
"20220630","35060520",신풍동
"20220630","35060540",검산동
"20220630","35060580",교월동
"20220630","35510110",삼례읍
"20220630","35510120",봉동읍
"20220630","35510130",용진읍
"20220630","35510320",상관면
"20220630","35510330",이서면
"20220630","35510340",소양면
"20220630","35510350",구이면
"20220630","35510360",고산면
"20220630","35510370",비봉면
"20220630","35510380",운주면
"20220630","35510390",화산면
"20220630","35510400",동상면
"20220630","35510410",경천면
"20220630","35520110",진안읍
"20220630","35520310",용담면
"20220630","35520320",안천면
"20220630","35520330",동향면
"20220630","35520340",상전면
"20220630","35520350",백운면
"20220630","35520360",성수면
"20220630","35520370",마령면
"20220630","35520380",부귀면
"20220630","35520390",정천면
"20220630","35520400",주천면
"20220630","35530110",무주읍
"20220630","35530310",무풍면
"20220630","35530320",설천면
"20220630","35530330",적상면
"20220630","35530340",안성면
"20220630","35530350",부남면
"20220630","35540110",장수읍
"20220630","35540310",산서면
"20220630","35540320",번암면
"20220630","35540330",장계면
"20220630","35540340",천천면
"20220630","35540350",계남면
"20220630","35540360",계북면
"20220630","35550110",임실읍
"20220630","35550310",청웅면
"20220630","35550320",운암면
"20220630","35550330",신평면
"20220630","35550340",성수면
"20220630","35550350",오수면
"20220630","35550360",신덕면
"20220630","35550370",삼계면
"20220630","35550380",관촌면
"20220630","35550390",강진면
"20220630","35550400",덕치면
"20220630","35550410",지사면
"20220630","35560110",순창읍
"20220630","35560310",인계면
"20220630","35560320",동계면
"20220630","35560330",적성면
"20220630","35560340",유등면
"20220630","35560350",풍산면
"20220630","35560360",금과면
"20220630","35560370",팔덕면
"20220630","35560380",복흥면
"20220630","35560390",쌍치면
"20220630","35560400",구림면
"20220630","35570110",고창읍
"20220630","35570310",고수면
"20220630","35570320",아산면
"20220630","35570330",무장면
"20220630","35570340",공음면
"20220630","35570350",상하면
"20220630","35570360",해리면
"20220630","35570370",성송면
"20220630","35570380",대산면
"20220630","35570390",심원면
"20220630","35570400",흥덕면
"20220630","35570410",성내면
"20220630","35570420",신림면
"20220630","35570430",부안면
"20220630","35580110",부안읍
"20220630","35580310",주산면
"20220630","35580320",동진면
"20220630","35580330",행안면
"20220630","35580340",계화면
"20220630","35580350",보안면
"20220630","35580360",변산면
"20220630","35580370",진서면
"20220630","35580380",백산면
"20220630","35580390",상서면
"20220630","35580400",하서면
"20220630","35580410",줄포면
"20220630","35580420",위도면
"20220630","36010510",용당1동
"20220630","36010520",용당2동
"20220630","36010530",연동
"20220630","36010550",산정동
"20220630","36010560",연산동
"20220630","36010570",원산동
"20220630","36010580",대성동
"20220630","36010600",목원동
"20220630","36010620",동명동
"20220630","36010630",삼학동
"20220630","36010640",만호동
"20220630","36010650",유달동
"20220630","36010670",죽교동
"20220630","36010680",북항동
"20220630","36010690",용해동
"20220630","36010700",이로동
"20220630","36010710",상동
"20220630","36010720",하당동
"20220630","36010730",신흥동
"20220630","36010740",삼향동
"20220630","36010750",옥암동
"20220630","36010760",부흥동
"20220630","36010770",부주동
"20220630","36020110",돌산읍
"20220630","36020310",소라면
"20220630","36020320",율촌면
"20220630","36020330",화양면
"20220630","36020340",남면
"20220630","36020350",화정면
"20220630","36020360",삼산면
"20220630","36020510",동문동
"20220630","36020520",한려동
"20220630","36020530",중앙동
"20220630","36020540",충무동
"20220630","36020550",광림동
"20220630","36020560",서강동
"20220630","36020570",대교동
"20220630","36020580",국동
"20220630","36020590",월호동
"20220630","36020600",여서동
"20220630","36020610",문수동
"20220630","36020620",미평동
"20220630","36020630",둔덕동
"20220630","36020640",만덕동
"20220630","36020650",쌍봉동
"20220630","36020660",시전동
"20220630","36020670",여천동
"20220630","36020680",주삼동
"20220630","36020690",삼일동
"20220630","36020700",묘도동
"20220630","36030110",승주읍
"20220630","36030310",주암면
"20220630","36030320",송광면
"20220630","36030330",외서면
"20220630","36030340",낙안면
"20220630","36030350",별량면
"20220630","36030360",상사면
"20220630","36030370",해룡면
"20220630","36030380",서면
"20220630","36030390",황전면
"20220630","36030400",월등면
"20220630","36030510",향동
"20220630","36030540",매곡동
"20220630","36030550",삼산동
"20220630","36030560",조곡동
"20220630","36030570",덕연동
"20220630","36030580",풍덕동
"20220630","36030590",남제동
"20220630","36030600",저전동
"20220630","36030610",장천동
"20220630","36030620",중앙동
"20220630","36030630",도사동
"20220630","36030660",왕조1동
"20220630","36030670",왕조2동
"20220630","36040110",남평읍
"20220630","36040310",세지면
"20220630","36040320",왕곡면
"20220630","36040330",반남면
"20220630","36040340",공산면
"20220630","36040350",동강면
"20220630","36040360",다시면
"20220630","36040370",문평면
"20220630","36040380",노안면
"20220630","36040390",금천면
"20220630","36040400",산포면
"20220630","36040410",다도면
"20220630","36040420",봉황면
"20220630","36040510",송월동
"20220630","36040520",영강동
"20220630","36040540",금남동
"20220630","36040550",성북동
"20220630","36040580",영산동
"20220630","36040600",이창동
"20220630","36040610",빛가람동
"20220630","36060110",광양읍
"20220630","36060310",봉강면
"20220630","36060320",옥룡면
"20220630","36060330",옥곡면
"20220630","36060340",진상면
"20220630","36060350",진월면
"20220630","36060360",다압면
"20220630","36060510",골약동
"20220630","36060530",중마동
"20220630","36060540",광영동
"20220630","36060550",태인동
"20220630","36060560",금호동
"20220630","36510110",담양읍
"20220630","36510310",봉산면
"20220630","36510320",고서면
"20220630","36510340",창평면
"20220630","36510350",대덕면
"20220630","36510360",무정면
"20220630","36510370",금성면
"20220630","36510380",용면
"20220630","36510390",월산면
"20220630","36510400",수북면
"20220630","36510410",대전면
"20220630","36510420",가사문학면
"20220630","36520110",곡성읍
"20220630","36520310",오곡면
"20220630","36520320",삼기면
"20220630","36520330",석곡면
"20220630","36520340",목사동면
"20220630","36520350",죽곡면
"20220630","36520360",고달면
"20220630","36520370",옥과면
"20220630","36520380",입면
"20220630","36520390",겸면
"20220630","36520400",오산면
"20220630","36530110",구례읍
"20220630","36530310",문척면
"20220630","36530320",간전면
"20220630","36530330",토지면
"20220630","36530340",마산면
"20220630","36530350",광의면
"20220630","36530360",용방면
"20220630","36530370",산동면
"20220630","36550110",고흥읍
"20220630","36550120",도양읍
"20220630","36550310",풍양면
"20220630","36550320",도덕면
"20220630","36550330",금산면
"20220630","36550340",도화면
"20220630","36550350",포두면
"20220630","36550360",봉래면
"20220630","36550370",동일면
"20220630","36550380",점암면
"20220630","36550390",영남면
"20220630","36550400",과역면
"20220630","36550410",남양면
"20220630","36550420",동강면
"20220630","36550430",대서면
"20220630","36550440",두원면
"20220630","36560110",보성읍
"20220630","36560120",벌교읍
"20220630","36560310",노동면
"20220630","36560320",미력면
"20220630","36560330",겸백면
"20220630","36560340",율어면
"20220630","36560350",복내면
"20220630","36560360",문덕면
"20220630","36560370",조성면
"20220630","36560380",득량면
"20220630","36560390",회천면
"20220630","36560400",웅치면
"20220630","36570110",화순읍
"20220630","36570310",한천면
"20220630","36570320",춘양면
"20220630","36570330",청풍면
"20220630","36570340",이양면
"20220630","36570350",능주면
"20220630","36570360",도곡면
"20220630","36570370",도암면
"20220630","36570380",이서면
"20220630","36570400",동복면
"20220630","36570420",동면
"20220630","36570430",백아면
"20220630","36570440",사평면
"20220630","36580110",장흥읍
"20220630","36580120",관산읍
"20220630","36580130",대덕읍
"20220630","36580310",용산면
"20220630","36580320",안양면
"20220630","36580330",장동면
"20220630","36580340",장평면
"20220630","36580350",유치면
"20220630","36580360",부산면
"20220630","36580370",회진면
"20220630","36590110",강진읍
"20220630","36590310",군동면
"20220630","36590320",칠량면
"20220630","36590330",대구면
"20220630","36590340",마량면
"20220630","36590350",도암면
"20220630","36590360",신전면
"20220630","36590370",성전면
"20220630","36590380",작천면
"20220630","36590390",병영면
"20220630","36590400",옴천면
"20220630","36600110",해남읍
"20220630","36600310",삼산면
"20220630","36600320",화산면
"20220630","36600330",현산면
"20220630","36600340",송지면
"20220630","36600350",북평면
"20220630","36600360",북일면
"20220630","36600370",옥천면
"20220630","36600380",계곡면
"20220630","36600390",마산면
"20220630","36600400",황산면
"20220630","36600410",산이면
"20220630","36600420",문내면
"20220630","36600430",화원면
"20220630","36610110",영암읍
"20220630","36610120",삼호읍
"20220630","36610310",덕진면
"20220630","36610320",금정면
"20220630","36610330",신북면
"20220630","36610340",시종면
"20220630","36610350",도포면
"20220630","36610360",군서면
"20220630","36610370",서호면
"20220630","36610380",학산면
"20220630","36610390",미암면
"20220630","36620110",무안읍
"20220630","36620120",일로읍
"20220630","36620130",삼향읍
"20220630","36620320",몽탄면
"20220630","36620330",청계면
"20220630","36620340",현경면
"20220630","36620350",망운면
"20220630","36620360",해제면
"20220630","36620370",운남면
"20220630","36630110",함평읍
"20220630","36630310",손불면
"20220630","36630320",신광면
"20220630","36630330",학교면
"20220630","36630340",엄다면
"20220630","36630350",대동면
"20220630","36630360",나산면
"20220630","36630370",해보면
"20220630","36630380",월야면
"20220630","36640110",영광읍
"20220630","36640120",백수읍
"20220630","36640130",홍농읍
"20220630","36640310",대마면
"20220630","36640320",묘량면
"20220630","36640330",불갑면
"20220630","36640340",군서면
"20220630","36640350",군남면
"20220630","36640360",염산면
"20220630","36640370",법성면
"20220630","36640380",낙월면
"20220630","36650110",장성읍
"20220630","36650310",진원면
"20220630","36650320",남면
"20220630","36650330",동화면
"20220630","36650340",삼서면
"20220630","36650350",삼계면
"20220630","36650360",황룡면
"20220630","36650370",서삼면
"20220630","36650380",북일면
"20220630","36650390",북이면
"20220630","36650400",북하면
"20220630","36660110",완도읍
"20220630","36660120",금일읍
"20220630","36660130",노화읍
"20220630","36660310",군외면
"20220630","36660320",신지면
"20220630","36660330",고금면
"20220630","36660340",약산면
"20220630","36660350",청산면
"20220630","36660360",소안면
"20220630","36660370",금당면
"20220630","36660380",보길면
"20220630","36660390",생일면
"20220630","36670110",진도읍
"20220630","36670310",군내면
"20220630","36670320",고군면
"20220630","36670330",의신면
"20220630","36670340",임회면
"20220630","36670350",지산면
"20220630","36670360",조도면
"20220630","36680110",지도읍
"20220630","36680120",압해읍
"20220630","36680310",증도면
"20220630","36680320",임자면
"20220630","36680330",자은면
"20220630","36680340",비금면
"20220630","36680350",도초면
"20220630","36680360",흑산면
"20220630","36680370",하의면
"20220630","36680380",신의면
"20220630","36680390",장산면
"20220630","36680400",안좌면
"20220630","36680410",팔금면
"20220630","36680420",암태면
"20220630","37011110",구룡포읍
"20220630","37011120",연일읍
"20220630","37011130",오천읍
"20220630","37011310",대송면
"20220630","37011320",동해면
"20220630","37011330",장기면
"20220630","37011350",호미곶면
"20220630","37011550",송도동
"20220630","37011560",청림동
"20220630","37011570",제철동
"20220630","37011580",효곡동
"20220630","37011590",대이동
"20220630","37011600",상대동
"20220630","37011610",해도동
"20220630","37012110",흥해읍
"20220630","37012310",신광면
"20220630","37012320",청하면
"20220630","37012330",송라면
"20220630","37012340",기계면
"20220630","37012350",죽장면
"20220630","37012360",기북면
"20220630","37012580",양학동
"20220630","37012610",용흥동
"20220630","37012630",우창동
"20220630","37012640",두호동
"20220630","37012650",장량동
"20220630","37012660",환여동
"20220630","37012670",중앙동
"20220630","37012680",죽도동
"20220630","37020110",감포읍
"20220630","37020120",안강읍
"20220630","37020130",건천읍
"20220630","37020140",외동읍
"20220630","37020320",양남면
"20220630","37020330",내남면
"20220630","37020340",산내면
"20220630","37020350",서면
"20220630","37020360",현곡면
"20220630","37020370",강동면
"20220630","37020380",천북면
"20220630","37020390",문무대왕면
"20220630","37020510",중부동
"20220630","37020550",성건동
"20220630","37020580",월성동
"20220630","37020590",선도동
"20220630","37020620",용강동
"20220630","37020630",황성동
"20220630","37020640",동천동
"20220630","37020660",불국동
"20220630","37020670",보덕동
"20220630","37020680",황오동
"20220630","37020690",황남동
"20220630","37030110",아포읍
"20220630","37030310",농소면
"20220630","37030320",남면
"20220630","37030330",개령면
"20220630","37030340",감문면
"20220630","37030350",어모면
"20220630","37030360",봉산면
"20220630","37030370",대항면
"20220630","37030380",감천면
"20220630","37030390",조마면
"20220630","37030400",구성면
"20220630","37030410",지례면
"20220630","37030420",부항면
"20220630","37030430",대덕면
"20220630","37030440",증산면
"20220630","37030550",양금동
"20220630","37030560",대신동
"20220630","37030580",대곡동
"20220630","37030590",지좌동
"20220630","37030600",자산동
"20220630","37030610",평화남산동
"20220630","37030620",율곡동
"20220630","37040110",풍산읍
"20220630","37040310",와룡면
"20220630","37040320",북후면
"20220630","37040330",서후면
"20220630","37040340",풍천면
"20220630","37040350",일직면
"20220630","37040360",남후면
"20220630","37040370",남선면
"20220630","37040380",임하면
"20220630","37040390",길안면
"20220630","37040400",임동면
"20220630","37040410",예안면
"20220630","37040420",도산면
"20220630","37040430",녹전면
"20220630","37040510",중구동
"20220630","37040520",명륜동
"20220630","37040540",용상동
"20220630","37040560",태화동
"20220630","37040580",평화동
"20220630","37040590",안기동
"20220630","37040600",옥동
"20220630","37040610",송하동
"20220630","37040620",서구동
"20220630","37040630",강남동
"20220630","37050110",선산읍
"20220630","37050120",고아읍
"20220630","37050130",산동읍
"20220630","37050310",무을면
"20220630","37050320",옥성면
"20220630","37050330",도개면
"20220630","37050340",해평면
"20220630","37050360",장천면
"20220630","37050510",송정동
"20220630","37050550",도량동
"20220630","37050560",지산동
"20220630","37050570",선주원남동
"20220630","37050590",형곡1동
"20220630","37050600",형곡2동
"20220630","37050610",신평1동
"20220630","37050620",신평2동
"20220630","37050660",광평동
"20220630","37050670",상모사곡동
"20220630","37050690",임오동
"20220630","37050700",인동동
"20220630","37050710",진미동
"20220630","37050720",양포동
"20220630","37050730",비산동
"20220630","37050740",공단동
"20220630","37050750",원평동
"20220630","37060110",풍기읍
"20220630","37060310",이산면
"20220630","37060320",평은면
"20220630","37060330",문수면
"20220630","37060340",장수면
"20220630","37060350",안정면
"20220630","37060360",봉현면
"20220630","37060370",순흥면
"20220630","37060380",단산면
"20220630","37060390",부석면
"20220630","37060510",상망동
"20220630","37060530",하망동
"20220630","37060550",영주1동
"20220630","37060580",영주2동
"20220630","37060590",휴천1동
"20220630","37060600",휴천2동
"20220630","37060610",휴천3동
"20220630","37060620",가흥1동
"20220630","37060630",가흥2동
"20220630","37070110",금호읍
"20220630","37070310",청통면
"20220630","37070320",신녕면
"20220630","37070330",화산면
"20220630","37070340",화북면
"20220630","37070350",화남면
"20220630","37070360",자양면
"20220630","37070370",임고면
"20220630","37070380",고경면
"20220630","37070390",북안면
"20220630","37070400",대창면
"20220630","37070510",동부동
"20220630","37070520",중앙동
"20220630","37070530",서부동
"20220630","37070540",완산동
"20220630","37070550",남부동
"20220630","37080110",함창읍
"20220630","37080320",중동면
"20220630","37080330",낙동면
"20220630","37080340",청리면
"20220630","37080350",공성면
"20220630","37080360",외남면
"20220630","37080370",내서면
"20220630","37080380",모동면
"20220630","37080390",모서면
"20220630","37080400",화동면
"20220630","37080410",화서면
"20220630","37080420",화북면
"20220630","37080430",외서면
"20220630","37080440",은척면
"20220630","37080450",공검면
"20220630","37080460",이안면
"20220630","37080470",화남면
"20220630","37080480",사벌국면
"20220630","37080520",남원동
"20220630","37080530",북문동
"20220630","37080540",계림동
"20220630","37080550",동문동
"20220630","37080560",동성동
"20220630","37080570",신흥동
"20220630","37090110",문경읍
"20220630","37090120",가은읍
"20220630","37090310",영순면
"20220630","37090320",산양면
"20220630","37090330",호계면
"20220630","37090340",산북면
"20220630","37090350",동로면
"20220630","37090360",마성면
"20220630","37090370",농암면
"20220630","37090570",점촌1동
"20220630","37090580",점촌2동
"20220630","37090590",점촌3동
"20220630","37090600",점촌4동
"20220630","37090610",점촌5동
"20220630","37100110",하양읍
"20220630","37100120",진량읍
"20220630","37100130",압량읍
"20220630","37100310",와촌면
"20220630","37100320",자인면
"20220630","37100330",용성면
"20220630","37100340",남산면
"20220630","37100360",남천면
"20220630","37100510",중앙동
"20220630","37100520",동부동
"20220630","37100530",서부1동
"20220630","37100540",남부동
"20220630","37100550",북부동
"20220630","37100560",중방동
"20220630","37100570",서부2동
"20220630","37510110",군위읍
"20220630","37510310",소보면
"20220630","37510320",효령면
"20220630","37510330",부계면
"20220630","37510340",우보면
"20220630","37510350",의흥면
"20220630","37510360",산성면
"20220630","37510380",삼국유사면
"20220630","37520110",의성읍
"20220630","37520310",단촌면
"20220630","37520320",점곡면
"20220630","37520330",옥산면
"20220630","37520340",사곡면
"20220630","37520350",춘산면
"20220630","37520360",가음면
"20220630","37520370",금성면
"20220630","37520380",봉양면
"20220630","37520390",비안면
"20220630","37520400",구천면
"20220630","37520410",단밀면
"20220630","37520420",단북면
"20220630","37520430",안계면
"20220630","37520440",다인면
"20220630","37520450",신평면
"20220630","37520460",안평면
"20220630","37520470",안사면
"20220630","37530110",청송읍
"20220630","37530320",부남면
"20220630","37530330",현동면
"20220630","37530340",현서면
"20220630","37530350",안덕면
"20220630","37530360",파천면
"20220630","37530370",진보면
"20220630","37530380",주왕산면
"20220630","37540110",영양읍
"20220630","37540310",입암면
"20220630","37540320",청기면
"20220630","37540330",일월면
"20220630","37540340",수비면
"20220630","37540350",석보면
"20220630","37550110",영덕읍
"20220630","37550310",강구면
"20220630","37550320",남정면
"20220630","37550330",달산면
"20220630","37550340",지품면
"20220630","37550350",축산면
"20220630","37550360",영해면
"20220630","37550370",병곡면
"20220630","37550380",창수면
"20220630","37560110",화양읍
"20220630","37560120",청도읍
"20220630","37560310",각남면
"20220630","37560320",풍각면
"20220630","37560330",각북면
"20220630","37560340",이서면
"20220630","37560350",운문면
"20220630","37560360",금천면
"20220630","37560370",매전면
"20220630","37570120",대가야읍
"20220630","37570310",덕곡면
"20220630","37570320",운수면
"20220630","37570330",성산면
"20220630","37570340",다산면
"20220630","37570350",개진면
"20220630","37570360",우곡면
"20220630","37570370",쌍림면
"20220630","37580110",성주읍
"20220630","37580310",선남면
"20220630","37580320",용암면
"20220630","37580330",수륜면
"20220630","37580340",가천면
"20220630","37580350",금수면
"20220630","37580360",대가면
"20220630","37580370",벽진면
"20220630","37580380",초전면
"20220630","37580390",월항면
"20220630","37590110",왜관읍
"20220630","37590120",북삼읍
"20220630","37590130",석적읍
"20220630","37590310",지천면
"20220630","37590320",동명면
"20220630","37590330",가산면
"20220630","37590360",약목면
"20220630","37590370",기산면
"20220630","37600110",예천읍
"20220630","37600310",용문면
"20220630","37600340",감천면
"20220630","37600350",보문면
"20220630","37600360",호명면
"20220630","37600370",유천면
"20220630","37600380",용궁면
"20220630","37600390",개포면
"20220630","37600400",지보면
"20220630","37600410",풍양면
"20220630","37600420",효자면
"20220630","37600430",은풍면
"20220630","37610110",봉화읍
"20220630","37610310",물야면
"20220630","37610320",봉성면
"20220630","37610330",법전면
"20220630","37610340",춘양면
"20220630","37610350",소천면
"20220630","37610360",석포면
"20220630","37610370",재산면
"20220630","37610380",명호면
"20220630","37610390",상운면
"20220630","37620110",울진읍
"20220630","37620120",평해읍
"20220630","37620310",북면
"20220630","37620330",근남면
"20220630","37620350",기성면
"20220630","37620360",온정면
"20220630","37620370",죽변면
"20220630","37620380",후포면
"20220630","37620390",금강송면
"20220630","37620400",매화면
"20220630","37630110",울릉읍
"20220630","37630310",서면
"20220630","37630320",북면
"20220630","38030110",문산읍
"20220630","38030310",내동면
"20220630","38030320",정촌면
"20220630","38030330",금곡면
"20220630","38030340",진성면
"20220630","38030350",일반성면
"20220630","38030360",이반성면
"20220630","38030370",사봉면
"20220630","38030380",지수면
"20220630","38030390",대곡면
"20220630","38030400",금산면
"20220630","38030410",집현면
"20220630","38030420",미천면
"20220630","38030430",명석면
"20220630","38030440",대평면
"20220630","38030450",수곡면
"20220630","38030650",상평동
"20220630","38030660",초장동
"20220630","38030670",평거동
"20220630","38030680",신안동
"20220630","38030690",이현동
"20220630","38030700",판문동
"20220630","38030710",가호동
"20220630","38030720",천전동
"20220630","38030730",성북동
"20220630","38030740",중앙동
"20220630","38030750",상봉동
"20220630","38030760",충무공동
"20220630","38030770",상대동
"20220630","38030780",하대동
"20220630","38050110",산양읍
"20220630","38050310",용남면
"20220630","38050320",도산면
"20220630","38050330",광도면
"20220630","38050340",욕지면
"20220630","38050350",한산면
"20220630","38050360",사량면
"20220630","38050520",명정동
"20220630","38050530",중앙동
"20220630","38050540",정량동
"20220630","38050550",북신동
"20220630","38050560",무전동
"20220630","38050620",도천동
"20220630","38050630",미수동
"20220630","38050640",봉평동
"20220630","38060110",사천읍
"20220630","38060310",정동면
"20220630","38060320",사남면
"20220630","38060330",용현면
"20220630","38060340",축동면
"20220630","38060350",곤양면
"20220630","38060360",곤명면
"20220630","38060370",서포면
"20220630","38060510",동서동
"20220630","38060520",선구동
"20220630","38060530",동서금동
"20220630","38060550",벌용동
"20220630","38060570",향촌동
"20220630","38060590",남양동
"20220630","38070110",진영읍
"20220630","38070320",주촌면
"20220630","38070330",진례면
"20220630","38070340",한림면
"20220630","38070350",생림면
"20220630","38070360",상동면
"20220630","38070370",대동면
"20220630","38070510",동상동
"20220630","38070520",회현동
"20220630","38070530",부원동
"20220630","38070540",내외동
"20220630","38070550",북부동
"20220630","38070560",칠산서부동
"20220630","38070580",활천동
"20220630","38070590",삼안동
"20220630","38070600",불암동
"20220630","38070610",장유1동
"20220630","38070620",장유2동
"20220630","38070630",장유3동
"20220630","38080110",삼랑진읍
"20220630","38080120",하남읍
"20220630","38080310",부북면
"20220630","38080320",상동면
"20220630","38080330",산외면
"20220630","38080340",산내면
"20220630","38080350",단장면
"20220630","38080360",상남면
"20220630","38080370",초동면
"20220630","38080380",무안면
"20220630","38080390",청도면
"20220630","38080510",내일동
"20220630","38080520",내이동
"20220630","38080530",교동
"20220630","38080540",삼문동
"20220630","38080550",가곡동
"20220630","38090310",일운면
"20220630","38090320",동부면
"20220630","38090330",남부면
"20220630","38090340",거제면
"20220630","38090350",둔덕면
"20220630","38090360",사등면
"20220630","38090370",연초면
"20220630","38090380",하청면
"20220630","38090390",장목면
"20220630","38090530",능포동
"20220630","38090540",아주동
"20220630","38090550",옥포1동
"20220630","38090560",옥포2동
"20220630","38090570",장평동
"20220630","38090580",고현동
"20220630","38090590",상문동
"20220630","38090600",수양동
"20220630","38090610",장승포동
"20220630","38100120",물금읍
"20220630","38100310",동면
"20220630","38100320",원동면
"20220630","38100330",상북면
"20220630","38100340",하북면
"20220630","38100520",삼성동
"20220630","38100530",강서동
"20220630","38100540",서창동
"20220630","38100550",소주동
"20220630","38100560",평산동
"20220630","38100570",덕계동
"20220630","38100580",중앙동
"20220630","38100590",양주동
"20220630","38111110",동읍
"20220630","38111310",북면
"20220630","38111320",대산면
"20220630","38111510",의창동
"20220630","38111520",팔룡동
"20220630","38111530",명곡동
"20220630","38111540",봉림동
"20220630","38112510",반송동
"20220630","38112520",중앙동
"20220630","38112530",상남동
"20220630","38112540",사파동
"20220630","38112550",가음정동
"20220630","38112560",성주동
"20220630","38112570",웅남동
"20220630","38112580",용지동
"20220630","38113310",구산면
"20220630","38113320",진동면
"20220630","38113330",진북면
"20220630","38113340",진전면
"20220630","38113510",현동
"20220630","38113520",가포동
"20220630","38113530",월영동
"20220630","38113540",문화동
"20220630","38113570",완월동
"20220630","38113580",자산동
"20220630","38113640",합포동
"20220630","38113650",산호동
"20220630","38113660",반월중앙동
"20220630","38113670",오동동
"20220630","38113680",교방동
"20220630","38114110",내서읍
"20220630","38114510",회원1동
"20220630","38114520",회원2동
"20220630","38114550",회성동
"20220630","38114560",양덕1동
"20220630","38114570",양덕2동
"20220630","38114580",합성1동
"20220630","38114590",합성2동
"20220630","38114600",구암1동
"20220630","38114610",구암2동
"20220630","38114620",봉암동
"20220630","38114630",석전동
"20220630","38115540",여좌동
"20220630","38115550",태백동
"20220630","38115560",경화동
"20220630","38115570",병암동
"20220630","38115580",석동
"20220630","38115590",이동
"20220630","38115600",자은동
"20220630","38115610",덕산동
"20220630","38115620",풍호동
"20220630","38115630",웅천동
"20220630","38115640",웅동1동
"20220630","38115650",웅동2동
"20220630","38115660",충무동
"20220630","38510110",의령읍
"20220630","38510310",가례면
"20220630","38510320",칠곡면
"20220630","38510330",대의면
"20220630","38510340",화정면
"20220630","38510350",용덕면
"20220630","38510360",정곡면
"20220630","38510370",지정면
"20220630","38510380",낙서면
"20220630","38510390",부림면
"20220630","38510400",봉수면
"20220630","38510410",궁류면
"20220630","38510420",유곡면
"20220630","38520110",가야읍
"20220630","38520120",칠원읍
"20220630","38520310",함안면
"20220630","38520320",군북면
"20220630","38520330",법수면
"20220630","38520340",대산면
"20220630","38520350",칠서면
"20220630","38520360",칠북면
"20220630","38520380",산인면
"20220630","38520390",여항면
"20220630","38530110",창녕읍
"20220630","38530120",남지읍
"20220630","38530310",고암면
"20220630","38530320",성산면
"20220630","38530330",대합면
"20220630","38530340",이방면
"20220630","38530350",유어면
"20220630","38530360",대지면
"20220630","38530370",계성면
"20220630","38530380",영산면
"20220630","38530390",장마면
"20220630","38530400",도천면
"20220630","38530410",길곡면
"20220630","38530420",부곡면
"20220630","38540110",고성읍
"20220630","38540310",삼산면
"20220630","38540320",하일면
"20220630","38540330",하이면
"20220630","38540340",상리면
"20220630","38540350",대가면
"20220630","38540360",영현면
"20220630","38540370",영오면
"20220630","38540380",개천면
"20220630","38540390",구만면
"20220630","38540400",회화면
"20220630","38540410",마암면
"20220630","38540420",동해면
"20220630","38540430",거류면
"20220630","38550110",남해읍
"20220630","38550310",이동면
"20220630","38550320",상주면
"20220630","38550330",삼동면
"20220630","38550340",미조면
"20220630","38550350",남면
"20220630","38550360",서면
"20220630","38550370",고현면
"20220630","38550380",설천면
"20220630","38550390",창선면
"20220630","38560110",하동읍
"20220630","38560310",화개면
"20220630","38560320",악양면
"20220630","38560330",적량면
"20220630","38560340",횡천면
"20220630","38560350",고전면
"20220630","38560360",금남면
"20220630","38560370",금성면
"20220630","38560380",진교면
"20220630","38560390",양보면
"20220630","38560400",북천면
"20220630","38560410",청암면
"20220630","38560420",옥종면
"20220630","38570110",산청읍
"20220630","38570310",차황면
"20220630","38570320",오부면
"20220630","38570330",생초면
"20220630","38570340",금서면
"20220630","38570350",삼장면
"20220630","38570360",시천면
"20220630","38570370",단성면
"20220630","38570380",신안면
"20220630","38570390",생비량면
"20220630","38570400",신등면
"20220630","38580110",함양읍
"20220630","38580310",마천면
"20220630","38580320",휴천면
"20220630","38580330",유림면
"20220630","38580340",수동면
"20220630","38580350",지곡면
"20220630","38580360",안의면
"20220630","38580370",서하면
"20220630","38580380",서상면
"20220630","38580390",백전면
"20220630","38580400",병곡면
"20220630","38590110",거창읍
"20220630","38590310",주상면
"20220630","38590320",웅양면
"20220630","38590330",고제면
"20220630","38590340",북상면
"20220630","38590350",위천면
"20220630","38590360",마리면
"20220630","38590370",남상면
"20220630","38590380",남하면
"20220630","38590390",신원면
"20220630","38590400",가조면
"20220630","38590410",가북면
"20220630","38600110",합천읍
"20220630","38600310",봉산면
"20220630","38600320",묘산면
"20220630","38600330",가야면
"20220630","38600340",야로면
"20220630","38600350",율곡면
"20220630","38600360",초계면
"20220630","38600370",쌍책면
"20220630","38600380",덕곡면
"20220630","38600390",청덕면
"20220630","38600400",적중면
"20220630","38600410",대양면
"20220630","38600420",쌍백면
"20220630","38600430",삼가면
"20220630","38600440",가회면
"20220630","38600450",대병면
"20220630","38600460",용주면
"20220630","39010110",한림읍
"20220630","39010120",애월읍
"20220630","39010130",구좌읍
"20220630","39010140",조천읍
"20220630","39010310",한경면
"20220630","39010320",추자면
"20220630","39010330",우도면
"20220630","39010510",일도1동
"20220630","39010520",일도2동
"20220630","39010530",이도1동
"20220630","39010540",이도2동
"20220630","39010550",삼도1동
"20220630","39010560",삼도2동
"20220630","39010570",용담1동
"20220630","39010580",용담2동
"20220630","39010590",건입동
"20220630","39010600",화북동
"20220630","39010610",삼양동
"20220630","39010620",봉개동
"20220630","39010630",아라동
"20220630","39010640",오라동
"20220630","39010650",연동
"20220630","39010660",노형동
"20220630","39010670",외도동
"20220630","39010680",이호동
"20220630","39010690",도두동
"20220630","39020110",대정읍
"20220630","39020120",남원읍
"20220630","39020130",성산읍
"20220630","39020310",안덕면
"20220630","39020320",표선면
"20220630","39020510",송산동
"20220630","39020520",정방동
"20220630","39020530",중앙동
"20220630","39020540",천지동
"20220630","39020550",효돈동
"20220630","39020560",영천동
"20220630","39020570",동홍동
"20220630","39020580",서홍동
"20220630","39020590",대륜동
"20220630","39020600",대천동
"20220630","39020610",중문동
"20220630","39020620",예래동
"20220630","31101513",삼송2동
"20220630","31101514",행신3동
"20220630","31103511",중산1동
"20220630","31104511",탄현1동
"20220630","31104513",덕이동
"20220630","25030511",가수원동
